tbl,Year,quarter,citymarketid,city,markets,cur_passengers,cur_fare,cur_yield,distance,ly_passengers,ly_fare,ly_yield,ly_distance,Geocoded_City,tbl2pk
Table 2,2018,4,35412,"Knoxville, TN",6,160310,185.02,31.28,591.6,140460,176.49,29.32,601.9,,2018435412
Table 2,2018,4,35096,"Syracuse, NY",7,188720,195.2,26.05,749.2,182170,198.37,26.83,739.3,,2018435096
Table 2,2018,4,34685,"Savannah, GA",4,192840,184.65,24.85,743.1,179110,188.61,25.01,754,,2018434685
Table 2,2018,4,34653,"Tulsa, OK",11,311680,217.61,26.26,828.8,307590,211.03,25.87,815.8,,2018434653
Table 2,2018,4,34614,"Salt Lake City, UT",32,2272030,212.71,20.56,1034.6,2193920,200.75,19.63,1022.7,,2018434614
Table 2,2018,4,34576,"Rochester, NY",7,228010,189.46,33.91,558.8,209870,185.04,32.8,564.1,,2018434576
Table 2,2018,4,34570,"Reno, NV",10,473890,176.32,29.31,601.7,460650,168.45,28.17,598,,2018434570
Table 2,2018,4,34524,"Richmond, VA",13,505310,221.64,23.79,931.7,461990,230.14,25.08,917.6,,2018434524
Table 2,2018,4,34492,"Raleigh/Durham, NC",30,2077600,206.79,21.85,946.3,1931860,205.98,22.34,921.9,,2018434492
Table 2,2018,4,34321,"Portland, ME",3,123310,158.38,31.04,510.3,115600,162.07,33.28,487,,2018434321
Table 2,2018,4,34262,"Palm Springs, CA",6,246370,217.61,19.24,1130.8,209020,217.03,19.41,1118.4,,2018434262
Table 2,2018,4,34100,"Philadelphia, PA",39,3454780,236.33,19.89,1188.2,3390090,227.35,19.13,1188.3,,2018434100
Table 2,2018,4,34057,"Portland, OR",35,2827510,192.92,16.39,1177,2728980,183.3,15.45,1186.1,,2018434057
Table 2,2018,4,34027,"West Palm Beach/Palm Beach, FL",10,983120,230.57,22.72,1014.7,938490,207.43,20.63,1005.6,,2018434027
Table 2,2018,4,33851,"Oklahoma City, OK",13,473610,215.08,22.67,948.5,446510,218.69,22.98,951.6,,2018433851
Table 2,2018,4,33667,"Norfolk, VA (Metropolitan Area)",15,459230,232.91,20.34,1145.3,426880,235.11,20.66,1137.8,,2018433667
Table 2,2018,4,33570,"San Diego, CA",45,4024350,204.57,16.06,1274.1,3711870,200.47,15.65,1280.6,,2018433570
Table 2,2018,4,33495,"New Orleans, LA",32,2161720,205.93,19.84,1038,2008270,198.79,19.41,1024.4,,2018433495
Table 2,2018,4,33485,"Madison, WI",5,124640,278.77,25.21,1106,106580,283.11,24.95,1134.6,,2018433485
Table 2,2018,4,33342,"Milwaukee, WI",24,1041240,207.89,19.86,1046.8,1041270,194.39,18.87,1030.4,,2018433342
Table 2,2018,4,33316,"Omaha, NE",16,611800,200.34,20.34,985.1,577200,202.38,20.64,980.6,,2018433316
Table 2,2018,4,33244,"Memphis, TN",17,603180,228.16,25.12,908.3,586880,222.55,24.24,917.9,,2018433244
Table 2,2018,4,33214,"San Antonio, TX",29,1458840,217.42,19.78,1099.2,1347100,215.63,19.9,1083.5,,2018433214
Table 2,2018,4,33198,"Kansas City, MO",31,1779450,201.02,21.56,932.3,1750530,198.63,21.45,926,,2018433198
Table 2,2018,4,33195,"Tampa, FL (Metropolitan Area)",48,3535230,194.05,18.06,1074.7,3352210,189.49,17.77,1066.6,,2018433195
Table 2,2018,4,33192,"Sacramento, CA",27,2024250,182.99,19.04,961.2,1847800,180.93,19.36,934.6,,2018433192
Table 2,2018,4,33158,"Midland/Odessa, TX",2,109050,278.03,69.79,398.4,98920,267.74,67.21,398.4,,2018433158
Table 2,2018,4,33105,"Cincinnati, OH",23,1184310,198.98,20.66,963.2,1070510,191.8,19.97,960.3,,2018433105
Table 2,2018,4,33044,"Louisville, KY",14,454910,216.85,24.95,869.2,408410,221.76,25.4,873,,2018433044
Table 2,2018,4,32600,"Little Rock, AR",7,153050,246.56,30.91,797.7,145040,245.22,30.4,806.5,,2018432600
Table 2,2018,4,32575,"Los Angeles, CA (Metropolitan Area)",66,14222520,221.04,16.8,1315.8,13725890,209.07,15.96,1309.7,,2018432575
Table 2,2018,4,32467,"Miami, FL (Metropolitan Area)",54,6961910,209.22,17.22,1214.8,6680860,187.44,15.37,1219.3,,2018432467
Table 2,2018,4,32457,"San Francisco, CA (Metropolitan Area)",55,11069600,220.26,17.29,1274,10710690,209.94,16.47,1274.5,,2018432457
Table 2,2018,4,32337,"Indianapolis, IN",25,1464270,214.03,21.29,1005.5,1412450,203.02,20.35,997.5,,2018432337
Table 2,2018,4,32211,"Las Vegas, NV",60,6457360,183.9,15.31,1201.6,6147920,172.12,14.24,1208.5,,2018432211
Table 2,2018,4,31986,"Grand Rapids, MI",13,359480,207.66,19.52,1063.8,289440,213.65,19.86,1075.9,,2018431986
Table 2,2018,4,31884,"Spokane, WA",10,486060,157.8,24.78,636.7,445880,162.67,24.89,653.5,,2018431884
Table 2,2018,4,31871,"Greenville/Spartanburg, SC",5,136880,224.42,35.06,640,124980,209.1,32.57,642,,2018431871
Table 2,2018,4,31714,"Fort Myers, FL",20,1298980,221.22,19.69,1123.7,1248070,211.08,18.85,1119.6,,2018431714
Table 2,2018,4,31703,"New York City, NY (Metropolitan Area)",77,16700050,240.46,19.2,1252.2,15958690,231.74,18.61,1245.2,,2018431703
Table 2,2018,4,31650,"Minneapolis/St. Paul, MN",41,3666840,213.82,20.12,1062.8,3543220,205.38,19.53,1051.8,,2018431650
Table 2,2018,4,31454,"Orlando, FL",55,6550290,186.49,16.67,1118.7,6323970,179.43,15.99,1122.2,,2018431454
Table 2,2018,4,31453,"Houston, TX",54,4818980,229.93,22.36,1028.1,4637090,224.79,21.74,1034,,2018431453
Table 2,2018,4,31423,"Des Moines, IA",10,246810,220.32,20.28,1086.6,228310,224.2,20.69,1083.5,,2018431423
Table 2,2018,4,31295,"Detroit, MI",34,3154210,223.83,21.94,1020.1,3125210,210.92,20.84,1012.1,,2018431295
Table 2,2018,4,31136,"Jacksonville, FL",19,895730,211.39,21.8,969.5,785890,222.78,23.27,957.4,,2018431136
Table 2,2018,4,31123,"St. Louis, MO",35,1943150,216,23.22,930.3,1898670,213.28,23.06,924.8,,2018431123
Table 2,2018,4,31066,"Columbus, OH",24,1268210,210.35,22.78,923.5,1204010,208.21,22.5,925.2,,2018431066
Table 2,2018,4,31057,"Charlotte, NC",41,2422480,242.6,27.91,869.1,2387520,229.67,26.03,882.3,,2018431057
Table 2,2018,4,30994,"Charleston, SC",12,550540,201.54,24.17,833.7,495320,208.11,25.28,823.1,,2018430994
Table 2,2018,4,30977,"Chicago, IL",66,9777190,211.28,21.84,967.5,9796700,190.63,19.87,959.6,,2018430977
Table 2,2018,4,30852,"Washington, DC (Metropolitan Area)",69,9517990,219.53,20.76,1057.6,9385030,206.74,19.56,1057.1,,2018430852
Table 2,2018,4,30792,"Buffalo, NY",15,708500,182.47,19.4,940.4,700920,180.81,19.85,911,,2018430792
Table 2,2018,4,30721,"Boston, MA (Metropolitan Area)",52,7329340,212.33,17.37,1222.3,7002040,203.61,16.84,1209.2,,2018430721
Table 2,2018,4,30713,"Boise, ID",12,535410,160.64,27.69,580.2,486050,163.7,27.68,591.3,,2018430713
Table 2,2018,4,30693,"Nashville, TN",36,2414610,207.66,23.16,896.7,2176720,211.68,23.71,892.8,,2018430693
Table 2,2018,4,30647,"Cleveland, OH (Metropolitan Area)",27,1497610,205.7,20.88,985.4,1439320,198.12,19.98,991.6,,2018430647
Table 2,2018,4,30615,"El Paso, TX",12,407770,215.68,25.47,846.8,371030,216.63,25.78,840.3,,2018430615
Table 2,2018,4,30599,"Birmingham, AL",10,324830,235.77,30.23,779.8,296720,246.74,31.07,794.1,,2018430599
Table 2,2018,4,30559,"Seattle, WA",51,5466110,203.29,15.18,1339.4,5114830,198.57,14.79,1342.9,,2018430559
Table 2,2018,4,30529,"Hartford, CT",20,946250,227.6,18.89,1204.8,933690,221.49,18.24,1214.5,,2018430529
Table 2,2018,4,30466,"Phoenix, AZ",58,5587820,212.39,18.53,1146.5,5436410,199.81,17.35,1151.8,,2018430466
Table 2,2018,4,30436,"Tucson, AZ",12,417740,224.74,21.64,1038.5,389120,221.56,21.08,1051,,2018430436
Table 2,2018,4,30423,"Austin, TX",36,2503330,217.49,18.73,1161.4,2342440,210.15,18.11,1160.6,,2018430423
Table 2,2018,4,30397,"Atlanta, GA (Metropolitan Area)",60,6919360,207.16,23.62,877,6819510,197.75,22.32,886.1,,2018430397
Table 2,2018,4,30325,"Denver, CO",59,6869160,189.46,18.08,1047.7,6589960,180.77,17.26,1047.6,,2018430325
Table 2,2018,4,30257,"Albany, NY",10,302850,222.07,19.05,1166,297510,218.44,18.76,1164.6,,2018430257
Table 2,2018,4,30198,"Pittsburgh, PA",26,1395710,220.9,22.57,978.7,1373420,208.33,20.91,996.2,,2018430198
Table 2,2018,4,30194,"Dallas/Fort Worth, TX",66,7306360,223.52,22.73,983.4,7250030,198.8,20.19,984.9,,2018430194
Table 2,2018,4,30140,"Albuquerque, NM",18,746740,209.63,22.21,943.8,721580,200.79,21.16,949.1,,2018430140
Table 2,2018,3,35096,"Syracuse, NY",8,188830,216.69,22.68,955.4,162490,228.78,25.68,890.8,,2018335096
Table 2,2018,3,34685,"Savannah, GA",4,195290,170.34,22.81,746.6,184450,169.18,22.51,751.7,,2018334685
Table 2,2018,3,34653,"Tulsa, OK",9,264570,210.04,25.93,810,240190,208.18,25.78,807.6,,2018334653
Table 2,2018,3,34614,"Salt Lake City, UT",37,2481780,208.04,19.18,1084.6,2397310,200.54,19.08,1051.2,,2018334614
Table 2,2018,3,34576,"Rochester, NY",7,198950,196.35,26.27,747.3,189420,196.22,26,754.8,,2018334576
Table 2,2018,3,34570,"Reno, NV",13,581990,207.49,26.68,777.7,585090,192.1,24.42,786.5,,2018334570
Table 2,2018,3,34524,"Richmond, VA",12,447720,221.57,22.74,974.4,405710,228.42,23.26,982.2,,2018334524
Table 2,2018,3,34492,"Raleigh/Durham, NC",33,1947820,203.63,20.39,998.5,1819540,201.69,20.9,965.2,,2018334492
Table 2,2018,3,34321,"Portland, ME",6,236060,206.79,31.39,658.8,190870,226.98,36.67,619,,2018334321
Table 2,2018,3,34100,"Philadelphia, PA",41,3487340,228.18,18.76,1216.3,3357280,219.47,18.13,1210.4,,2018334100
Table 2,2018,3,34057,"Portland, OR",38,3152530,194.01,15.21,1275.5,3066370,189.34,14.9,1271.1,,2018334057
Table 2,2018,3,34027,"West Palm Beach/Palm Beach, FL",8,727850,182.06,17.96,1013.8,670710,172.72,17.22,1002.8,,2018334027
Table 2,2018,3,33851,"Oklahoma City, OK",14,464790,217.16,22.24,976.3,411350,221.22,22.57,980.2,,2018333851
Table 2,2018,3,33667,"Norfolk, VA (Metropolitan Area)",14,449110,243.4,18.84,1292.2,409030,254.03,19.07,1331.9,,2018333667
Table 2,2018,3,33570,"San Diego, CA",45,4163250,195.04,15.24,1279.8,3888400,195.16,15.21,1283.5,,2018333570
Table 2,2018,3,33495,"New Orleans, LA",30,1878700,187.67,18.37,1021.6,1745390,178.75,17.52,1020.2,,2018333495
Table 2,2018,3,33485,"Madison, WI",4,111490,246.06,28.72,856.9,102670,233.99,27.11,863,,2018333485
Table 2,2018,3,33342,"Milwaukee, WI",26,1139600,200.64,19.19,1045.4,1122250,191.03,17.97,1063,,2018333342
Table 2,2018,3,33316,"Omaha, NE",17,634040,197.84,19.65,1006.9,605870,196.71,19.46,1010.8,,2018333316
Table 2,2018,3,33244,"Memphis, TN",16,553050,225.85,24.42,924.9,537530,218.39,23.24,939.8,,2018333244
Table 2,2018,3,33214,"San Antonio, TX",29,1361720,209.33,18.92,1106.3,1259720,213.88,19.57,1092.8,,2018333214
Table 2,2018,3,33198,"Kansas City, MO",32,1794940,201.06,21.36,941.1,1788500,196.33,20.83,942.5,,2018333198
Table 2,2018,3,33195,"Tampa, FL (Metropolitan Area)",44,3105890,183.29,16.84,1088.4,2833140,180.69,16.68,1083.5,,2018333195
Table 2,2018,3,33192,"Sacramento, CA",26,1943190,183.85,18.95,970,1749380,187.72,19.61,957.4,,2018333192
Table 2,2018,3,33158,"Midland/Odessa, TX",2,106660,288.13,71.76,401.5,85490,270.54,68.71,393.7,,2018333158
Table 2,2018,3,33105,"Cincinnati, OH",25,1231770,189.18,19.1,990.5,1130730,175.36,17.56,998.8,,2018333105
Table 2,2018,3,33044,"Louisville, KY",14,414670,226.43,24.77,914,368380,228.63,25.68,890.2,,2018333044
Table 2,2018,3,32600,"Little Rock, AR",6,124240,241.71,28.34,853,122790,248.93,28.86,862.5,,2018332600
Table 2,2018,3,32575,"Los Angeles, CA (Metropolitan Area)",70,14414490,210.11,15.93,1319.3,13862960,201.13,15.26,1317.9,,2018332575
Table 2,2018,3,32467,"Miami, FL (Metropolitan Area)",49,6165650,179.2,14.71,1217.9,5919020,169.92,13.94,1218.7,,2018332467
Table 2,2018,3,32457,"San Francisco, CA (Metropolitan Area)",61,11544210,211.37,16.14,1309.7,10990520,207.57,15.87,1308,,2018332457
Table 2,2018,3,32337,"Indianapolis, IN",26,1389380,208.37,19.87,1048.6,1338900,200.45,19.42,1032.1,,2018332337
Table 2,2018,3,32211,"Las Vegas, NV",59,6690070,172.01,14.06,1223.2,6685640,169.11,13.88,1218.4,,2018332211
Table 2,2018,3,31986,"Grand Rapids, MI",13,335890,223.06,20.42,1092.4,292910,231.9,20.59,1126.2,,2018331986
Table 2,2018,3,31884,"Spokane, WA",14,536510,180.25,22.35,806.3,495030,178.1,21.73,819.5,,2018331884
Table 2,2018,3,31871,"Greenville/Spartanburg, SC",5,125590,232.29,36.95,628.6,113170,231.62,36.67,631.6,,2018331871
Table 2,2018,3,31714,"Fort Myers, FL",17,785030,180.92,16.55,1093.3,729660,182.13,16.78,1085.5,,2018331714
Table 2,2018,3,31703,"New York City, NY (Metropolitan Area)",78,16112570,229.5,17.86,1284.7,15383600,223.91,17.55,1275.8,,2018331703
Table 2,2018,3,31650,"Minneapolis/St. Paul, MN",40,3759830,209.28,19.89,1052.4,3611950,203.23,19.66,1033.8,,2018331650
Table 2,2018,3,31454,"Orlando, FL",53,5942430,167.58,14.84,1129.4,5745160,158.32,14.02,1129.4,,2018331454
Table 2,2018,3,31453,"Houston, TX",52,4624430,225.77,21.46,1052,4079050,209.56,19.69,1064.3,,2018331453
Table 2,2018,3,31423,"Des Moines, IA",9,224720,224.22,21.14,1060.5,210370,221.42,20.85,1062,,2018331423
Table 2,2018,3,31295,"Detroit, MI",34,3170370,210.06,19.91,1054.8,3107110,199.53,19.14,1042.5,,2018331295
Table 2,2018,3,31136,"Jacksonville, FL",16,781900,203.7,20.75,981.7,637820,217.78,22.38,973,,2018331136
Table 2,2018,3,31135,"Myrtle Beach, SC",8,207980,124.4,20.27,613.7,256130,119.05,19.18,620.7,,2018331135
Table 2,2018,3,31123,"St. Louis, MO",35,1908230,219.7,23.26,944.7,1863110,215.81,22.84,945.1,,2018331123
Table 2,2018,3,31066,"Columbus, OH",25,1199960,212.86,22.13,961.8,1161120,206.43,21.34,967.5,,2018331066
Table 2,2018,3,31057,"Charlotte, NC",39,2268560,241.12,26.57,907.5,2222900,230.76,25.23,914.5,,2018331057
Table 2,2018,3,30994,"Charleston, SC",13,559550,196.38,21.54,911.9,497230,206.84,23.2,891.6,,2018330994
Table 2,2018,3,30977,"Chicago, IL",70,10373560,202.84,20.59,985.3,10540750,176.73,18.07,978.3,,2018330977
Table 2,2018,3,30852,"Washington, DC (Metropolitan Area)",72,9275150,215.68,19.46,1108.2,9260380,203.26,18.5,1098.6,,2018330852
Table 2,2018,3,30849,"Bozeman, MT",5,101270,264.17,26.61,992.7,94530,249.9,25.02,998.8,,2018330849
Table 2,2018,3,30792,"Buffalo, NY",16,808970,187.39,19.54,958.9,760170,188.67,19.87,949.3,,2018330792
Table 2,2018,3,30721,"Boston, MA (Metropolitan Area)",51,7516670,204.48,16.12,1268.6,7138020,206.66,16.39,1260.9,,2018330721
Table 2,2018,3,30713,"Boise, ID",14,531130,171.84,25.29,679.5,492930,171.9,24.85,691.8,,2018330713
Table 2,2018,3,30693,"Nashville, TN",36,2322760,209.22,22.94,912.1,2117180,211.72,23.1,916.6,,2018330693
Table 2,2018,3,30647,"Cleveland, OH (Metropolitan Area)",29,1620740,201.6,19.14,1053.2,1535900,182.25,17.14,1063.2,,2018330647
Table 2,2018,3,30615,"El Paso, TX",11,362170,212.25,25.27,839.8,325470,223.02,26.81,831.9,,2018330615
Table 2,2018,3,30599,"Birmingham, AL",9,267790,234.27,28.64,818,231620,242.43,30.25,801.3,,2018330599
Table 2,2018,3,30559,"Seattle, WA",54,6421600,207.54,14.58,1423.7,6031700,203.72,14.44,1410.8,,2018330559
Table 2,2018,3,30529,"Hartford, CT",21,913540,221.76,17.38,1275.7,909210,214.89,17.04,1261.4,,2018330529
Table 2,2018,3,30466,"Phoenix, AZ",49,4464160,203.79,17.88,1139.9,4282920,189.45,16.66,1137.2,,2018330466
Table 2,2018,3,30436,"Tucson, AZ",10,301090,216.51,22.22,974.3,287980,210.36,21.43,981.7,,2018330436
Table 2,2018,3,30423,"Austin, TX",36,2374370,200.95,17.11,1174.3,2193100,199.17,16.89,1179.1,,2018330423
Table 2,2018,3,30397,"Atlanta, GA (Metropolitan Area)",60,6731370,203.16,22.66,896.3,6642930,188.99,21.11,895.4,,2018330397
Table 2,2018,3,30325,"Denver, CO",63,7629340,188.08,17.76,1058.7,7323590,172.93,16.41,1053.9,,2018330325
Table 2,2018,3,30257,"Albany, NY",10,305910,233.56,19.16,1219.1,304070,229.82,19,1209.6,,2018330257
Table 2,2018,3,30198,"Pittsburgh, PA",27,1407100,212.19,20.42,1039.3,1306580,200.88,19.21,1045.7,,2018330198
Table 2,2018,3,30194,"Dallas/Fort Worth, TX",69,7329330,209.95,21.09,995.6,7207570,194.96,19.49,1000.4,,2018330194
Table 2,2018,3,30189,"Colorado Springs, CO",5,104000,207.71,19.08,1088.5,109380,178.5,15.94,1119.4,,2018330189
Table 2,2018,3,30140,"Albuquerque, NM",17,739770,198.79,20.43,973.2,670940,207.38,21.01,987.1,,2018330140
Table 2,2018,2,35412,"Knoxville, TN",5,113880,197.71,33.25,594.6,107220,185.21,30.95,598.4,"Knoxville, TN
(35.962631, -83.916677)",2018235412
Table 2,2018,2,35096,"Syracuse, NY",7,180310,198.73,25.84,769,156200,208.76,27.29,765,"Syracuse, NY
(43.047945, -76.147448)",2018235096
Table 2,2018,2,34761,"Sanford, FL",5,111620,84.32,10.83,778.6,106600,88.55,11.51,769.2,"Sanford, FL
(37.78008, -122.420168)",2018234761
Table 2,2018,2,34685,"Savannah, GA",5,232610,193.79,26.25,738.3,205080,202.13,26.94,750.3,"Savannah, GA
(40.115007, -111.654713)",2018234685
Table 2,2018,2,34653,"Tulsa, OK",11,313310,224.61,27.49,817,286040,229.91,27.87,825,"Tulsa, OK
(61.096484, -160.967455)",2018234653
Table 2,2018,2,34614,"Salt Lake City, UT",31,2356410,204.29,19.25,1061.5,2167960,202.62,19.25,1052.4,"Salt Lake City, UT
(40.758478, -111.888142)",2018234614
Table 2,2018,2,34576,"Rochester, NY",6,198810,187.02,30.62,610.7,187260,192.41,30.04,640.5,"Rochester, NY
(43.155708, -77.612547)",2018234576
Table 2,2018,2,34570,"Reno, NV",12,522960,188.18,24.82,758.2,496620,183.07,24.11,759.2,"Reno, NV
(30.177159, -95.162771)",2018234570
Table 2,2018,2,34524,"Richmond, VA",12,462620,226.9,24.46,927.5,412560,243.77,25.77,945.9,"Richmond, VA
(37.540759, -77.433932)",2018234524
Table 2,2018,2,34492,"Raleigh/Durham, NC",30,2072390,207.51,21.33,972.9,1852660,215.12,22.67,948.8,"Raleigh/Durham, NC
(42.673348, -72.179683)",2018234492
Table 2,2018,2,34321,"Portland, ME",4,142050,178.29,31.2,571.4,126470,195.81,32.58,601,"Portland, ME
(45.516018, -122.681425)",2018234321
Table 2,2018,2,34262,"Palm Springs, CA",4,170270,212.29,21.28,997.4,145810,209.77,21.19,990,"Palm Springs, CA
(33.830302, -116.546843)",2018234262
Table 2,2018,2,34100,"Philadelphia, PA",41,3620340,228.85,19.17,1193.9,3567600,231.61,19.54,1185.1,"Philadelphia, PA
(39.951061, -75.16562)",2018234100
Table 2,2018,2,34057,"Portland, OR",39,3009630,189.94,15.35,1237.4,2860070,188.92,15.39,1227.7,"Portland, OR
(45.516018, -122.681425)",2018234057
Table 2,2018,2,34027,"West Palm Beach/Palm Beach, FL",10,931000,195.64,19.4,1008.7,921240,196.33,19.59,1002.1,"West Palm Beach/Palm Beach, FL
(33.90976, -98.500854)",2018234027
Table 2,2018,2,33851,"Oklahoma City, OK",13,454630,226.83,23.59,961.6,399520,233.7,24.48,954.7,"Oklahoma City, OK
(35.468494, -97.521264)",2018233851
Table 2,2018,2,33667,"Norfolk, VA (Metropolitan Area)",16,487830,248.77,20.64,1205.4,426350,266.45,21.23,1255.3,"Norfolk, VA (Metropolitan Area)
(36.846164, -76.285913)",2018233667
Table 2,2018,2,33570,"San Diego, CA",44,4107150,199.34,15.48,1288.1,3697070,213.31,16.45,1296.8,"San Diego, CA
(32.71576, -117.163817)",2018233570
Table 2,2018,2,33495,"New Orleans, LA",32,2210710,207.7,20.06,1035.5,2114660,203.77,19.96,1021,"New Orleans, LA
(29.950621, -90.074948)",2018233495
Table 2,2018,2,33342,"Milwaukee, WI",24,1139350,199.58,19.4,1028.7,1157750,196.42,18.44,1065.5,"Milwaukee, WI
(43.041072, -87.909421)",2018233342
Table 2,2018,2,33316,"Omaha, NE",18,699410,210.36,20.74,1014.2,622960,214.99,21.22,1013.1,"Omaha, NE
(46.07035, -93.666319)",2018233316
Table 2,2018,2,33244,"Memphis, TN",17,616070,236,25.34,931.4,587200,232.73,25.07,928.2,"Memphis, TN
(35.143378, -90.052136)",2018233244
Table 2,2018,2,33214,"San Antonio, TX",28,1417810,221.69,20.34,1090,1294880,228.15,21.14,1079.3,"San Antonio, TX
(29.425173, -98.494599)",2018233214
Table 2,2018,2,33198,"Kansas City, MO",32,1885880,205.94,21.92,939.4,1795710,208.44,22.14,941.6,"Kansas City, MO
(39.099792, -94.578559)",2018233198
Table 2,2018,2,33195,"Tampa, FL (Metropolitan Area)",46,3633770,188.06,17.51,1074.1,3469570,189.09,17.78,1063.5,"Tampa, FL (Metropolitan Area)
(37.8606, -78.804199)",2018233195
Table 2,2018,2,33192,"Sacramento, CA",27,1984660,188.48,19.62,960.4,1764110,204.18,21.03,971.1,"Sacramento, CA
(38.582087, -121.50012)",2018233192
Table 2,2018,2,33158,"Midland/Odessa, TX",2,106620,286.08,71.3,401.2,89510,263.78,67.05,393.4,"Midland/Odessa, TX
(31.997433, -102.078043)",2018233158
Table 2,2018,2,33105,"Cincinnati, OH",24,1274870,187.88,19.19,979,1133680,194.88,19.4,1004.6,"Cincinnati, OH
(39.104427, -84.513808)",2018233105
Table 2,2018,2,33044,"Louisville, KY",15,455900,242.53,25.63,946.2,406000,258.76,27.87,928.6,"Louisville, KY
(38.256078, -85.751569)",2018233044
Table 2,2018,2,32600,"Little Rock, AR",7,153640,247.76,27.59,898.1,150650,252.44,27.92,904,"Little Rock, AR
(34.748745, -92.275105)",2018232600
Table 2,2018,2,32575,"Los Angeles, CA (Metropolitan Area)",66,14562180,209.02,15.9,1314.9,13837510,214.9,16.17,1329.3,"Los Angeles, CA (Metropolitan Area)
(34.052238, -118.243344)",2018232575
Table 2,2018,2,32467,"Miami, FL (Metropolitan Area)",52,6925390,186.3,15.31,1217.2,7012820,181.37,14.96,1212.2,"Miami, FL (Metropolitan Area)
(44.977479, -93.264346)",2018232467
Table 2,2018,2,32457,"San Francisco, CA (Metropolitan Area)",55,11543030,212.29,16.28,1303.8,10656170,225.45,17.12,1317,"San Francisco, CA (Metropolitan Area)
(37.78008, -122.420168)",2018232457
Table 2,2018,2,32337,"Indianapolis, IN",26,1527350,206.64,20.19,1023.4,1433050,211.1,20.89,1010.3,"Indianapolis, IN
(39.76845, -86.156212)",2018232337
Table 2,2018,2,32211,"Las Vegas, NV",61,6928990,178.56,14.46,1235.3,6826520,183.43,14.86,1234.6,"Las Vegas, NV
(36.169202, -115.140597)",2018232211
Table 2,2018,2,31986,"Grand Rapids, MI",12,312430,213.43,20.38,1047.3,270800,226.06,21.28,1062.5,"Grand Rapids, MI
(47.925705, -97.036068)",2018231986
Table 2,2018,2,31884,"Spokane, WA",10,439350,162.42,24.05,675.3,397640,165.23,24.93,662.8,"Spokane, WA
(47.658999, -117.425022)",2018231884
Table 2,2018,2,31871,"Greenville/Spartanburg, SC",6,126170,239.12,36.86,648.8,118210,235.85,36.51,646,"Greenville/Spartanburg, SC
(44.513288, -88.013256)",2018231871
Table 2,2018,2,31714,"Fort Myers, FL",21,1262630,200.55,17.82,1125.7,1321030,195.61,17.44,1121.6,"Fort Myers, FL
(40.253979, -103.801495)",2018231714
Table 2,2018,2,31703,"New York City, NY (Metropolitan Area)",72,16568740,231.28,18.26,1266.8,15697600,236.17,18.59,1270.2,"New York City, NY (Metropolitan Area)
(40.123164, -75.333718)",2018231703
Table 2,2018,2,31650,"Minneapolis/St. Paul, MN",40,3786440,208.92,19.81,1054.7,3647320,211.8,20.32,1042.4,"Minneapolis/St. Paul, MN
(44.977479, -93.264346)",2018231650
Table 2,2018,2,31454,"Orlando, FL",55,6811780,175.11,15.56,1125.2,6752880,174.78,15.57,1122.7,"Orlando, FL
(28.538331, -81.378879)",2018231454
Table 2,2018,2,31453,"Houston, TX",51,4830950,229.5,22.05,1040.9,4507700,223.94,21.27,1052.6,"Houston, TX
(29.760803, -95.369506)",2018231453
Table 2,2018,2,31423,"Des Moines, IA",9,233000,229.71,21.67,1059.9,228620,220.2,20.91,1053.3,"Des Moines, IA
(41.588822, -93.620309)",2018231423
Table 2,2018,2,31295,"Detroit, MI",36,3327990,211.63,20.39,1038.1,3250130,211.54,20.52,1030.6,"Detroit, MI
(42.332916, -83.047853)",2018231295
Table 2,2018,2,31136,"Jacksonville, FL",17,828740,213.7,23.04,927.4,732200,228.82,24.81,922.5,"Jacksonville, FL
(30.325968, -81.65676)",2018231136
Table 2,2018,2,31135,"Myrtle Beach, SC",7,182750,131.64,20.38,645.9,197670,130.73,20.55,636.2,"Myrtle Beach, SC
(33.68785, -78.883852)",2018231135
Table 2,2018,2,31123,"St. Louis, MO",35,2008140,220.27,23.54,935.6,1934460,223.22,23.83,936.9,"St. Louis, MO
(38.630276, -90.200309)",2018231123
Table 2,2018,2,31066,"Columbus, OH",25,1286290,211.61,22.46,942.1,1225730,213.35,22.62,943.1,"Columbus, OH
(39.962649, -82.996216)",2018231066
Table 2,2018,2,31057,"Charlotte, NC",40,2435610,242.49,27.19,891.7,2384290,234.53,26.05,900.3,"Charlotte, NC
(35.222936, -80.840161)",2018231057
Table 2,2018,2,30994,"Charleston, SC",14,635760,212.9,23.89,891.3,564900,223.45,25.46,877.7,"Charleston, SC
(32.77647, -79.931027)",2018230994
Table 2,2018,2,30977,"Chicago, IL",69,10625690,202.94,20.76,977.7,10485000,196.44,20.13,975.7,"Chicago, IL
(41.775002, -87.696388)",2018230977
Table 2,2018,2,30852,"Washington, DC (Metropolitan Area)",73,10092480,219.63,20.07,1094.3,9919500,217.59,20.07,1084.4,"Washington, DC (Metropolitan Area)
(38.892062, -77.019912)",2018230852
Table 2,2018,2,30792,"Buffalo, NY",16,784680,183.26,18.82,973.8,755080,188.66,19.32,976.3,"Buffalo, NY
(39.945422, -78.64671)",2018230792
Table 2,2018,2,30721,"Boston, MA (Metropolitan Area)",52,7738840,207.09,16.65,1243.6,7300330,219.51,17.81,1232.5,"Boston, MA (Metropolitan Area)
(42.358894, -71.056742)",2018230721
Table 2,2018,2,30713,"Boise, ID",14,521840,170.69,24.96,683.9,463650,172.08,25.29,680.4,"Boise, ID
(43.597772, -83.884521)",2018230713
Table 2,2018,2,30693,"Nashville, TN",37,2456660,221.99,24.54,904.4,2187640,224.4,24.89,901.5,"Nashville, TN
(36.166687, -86.779932)",2018230693
Table 2,2018,2,30647,"Cleveland, OH (Metropolitan Area)",28,1670490,201.41,19.59,1028.2,1590680,196.22,18.57,1056.8,"Cleveland, OH (Metropolitan Area)
(41.505546, -81.6915)",2018230647
Table 2,2018,2,30615,"El Paso, TX",10,352160,211.95,25.79,821.8,319360,221.87,27.51,806.5,"El Paso, TX
(31.76006, -106.492257)",2018230615
Table 2,2018,2,30599,"Birmingham, AL",9,282530,234.81,29.11,806.5,243510,246.81,31.02,795.7,"Birmingham, AL
(33.522859, -86.807705)",2018230599
Table 2,2018,2,30559,"Seattle, WA",50,5955720,203.06,14.58,1392.6,5399610,208.54,15.01,1389.4,"Seattle, WA
(47.603229, -122.33028)",2018230559
Table 2,2018,2,30529,"Hartford, CT",21,961890,227.36,18.67,1217.7,971840,226.84,18.58,1220.5,"Hartford, CT
(41.765775, -72.673356)",2018230529
Table 2,2018,2,30466,"Phoenix, AZ",53,5392530,203.03,17.51,1159.8,5130250,200.1,17.11,1169.6,"Phoenix, AZ
(30.406931, -87.217578)",2018230466
Table 2,2018,2,30436,"Tucson, AZ",12,379090,223.89,20.92,1070,365140,218.56,20.35,1074.2,"Tucson, AZ
(35.167852, -103.726151)",2018230436
Table 2,2018,2,30423,"Austin, TX",36,2530360,211.22,18.09,1167.5,2242070,221.72,18.95,1170,"Austin, TX
(30.264979, -97.746598)",2018230423
Table 2,2018,2,30397,"Atlanta, GA (Metropolitan Area)",60,7167510,201.97,22.71,889.2,6872500,199.25,22.39,889.9,"Atlanta, GA (Metropolitan Area)
(33.748547, -84.391502)",2018230397
Table 2,2018,2,30325,"Denver, CO",59,7081830,186.16,17.63,1055.7,6720490,181.21,17.21,1052.7,"Denver, CO
(39.738453, -104.984853)",2018230325
Table 2,2018,2,30257,"Albany, NY",10,312030,219.28,18.54,1182.6,317130,215.54,18.58,1159.9,"Albany, NY
(42.651242, -73.755418)",2018230257
Table 2,2018,2,30198,"Pittsburgh, PA",26,1433260,211.88,20.91,1013.3,1343130,224.37,22,1020,"Pittsburgh, PA
(40.442169, -79.994945)",2018230198
Table 2,2018,2,30194,"Dallas/Fort Worth, TX",68,7579060,211.31,21.45,985.3,7358250,203.55,20.72,982.6,"Dallas/Fort Worth, TX
(40.11086, -77.035636)",2018230194
Table 2,2018,2,30140,"Albuquerque, NM",17,748390,197.65,20.23,977.2,645530,219.59,22.22,988.3,"Albuquerque, NM
(35.084248, -106.649241)",2018230140
Table 2,2018,1,35096,"Syracuse, NY",6,150790,191.22,22.29,857.9,141400,195.74,23.07,848.3,"Syracuse, NY
(43.047945, -76.147448)",2018135096
Table 2,2018,1,34986,"Sarasota/Bradenton, FL",5,126420,253.22,25.13,1007.6,127260,235.22,23.39,1005.5,"Sarasota/Bradenton, FL
(27.336483, -82.538602)",2018134986
Table 2,2018,1,34761,"Sanford, FL",7,141860,107.56,11.33,949.7,123550,102.5,10.97,934.7,"Sanford, FL
(37.78008, -122.420168)",2018134761
Table 2,2018,1,34685,"Savannah, GA",3,131420,174.42,23.42,744.8,119780,164.95,21.98,750.6,"Savannah, GA
(40.115007, -111.654713)",2018134685
Table 2,2018,1,34653,"Tulsa, OK",9,235030,209.86,28.39,739.1,223680,223.83,30.52,733.3,"Tulsa, OK
(61.096484, -160.967455)",2018134653
Table 2,2018,1,34614,"Salt Lake City, UT",34,2450050,217.14,20.33,1068.1,2296240,217.33,20.21,1075.6,"Salt Lake City, UT
(40.758478, -111.888142)",2018134614
Table 2,2018,1,34576,"Rochester, NY",7,187820,190.03,26.11,727.7,191210,187.26,25.36,738.4,"Rochester, NY
(43.155708, -77.612547)",2018134576
Table 2,2018,1,34570,"Reno, NV",13,498310,184.55,25.71,717.7,477010,189.1,26.32,718.5,"Reno, NV
(30.177159, -95.162771)",2018134570
Table 2,2018,1,34524,"Richmond, VA",10,338270,217.57,26.36,825.3,316710,224.02,26.16,856.4,"Richmond, VA
(37.540759, -77.433932)",2018134524
Table 2,2018,1,34492,"Raleigh/Durham, NC",28,1587120,202.28,21.62,935.7,1479900,200.72,22.31,899.9,"Raleigh/Durham, NC
(42.673348, -72.179683)",2018134492
Table 2,2018,1,34262,"Palm Springs, CA",8,320560,227.4,20.02,1136.1,298390,216.41,18.96,1141.3,"Palm Springs, CA
(33.830302, -116.546843)",2018134262
Table 2,2018,1,34100,"Philadelphia, PA",38,2997990,229.89,19.28,1192.1,2902990,218.49,18.67,1170.6,"Philadelphia, PA
(39.951061, -75.16562)",2018134100
Table 2,2018,1,34082,"Punta Gorda, FL",7,131120,113.44,11.12,1020.2,102920,119.48,11.82,1010.6,"Punta Gorda, FL
(40.881194, -88.628678)",2018134082
Table 2,2018,1,34057,"Portland, OR",33,2299200,178.1,15.7,1134.7,2234350,174.94,15.54,1125.7,"Portland, OR
(45.516018, -122.681425)",2018134057
Table 2,2018,1,34027,"West Palm Beach/Palm Beach, FL",13,1175600,217.83,20.65,1055,1170310,199.26,18.86,1056.6,"West Palm Beach/Palm Beach, FL
(33.90976, -98.500854)",2018134027
Table 2,2018,1,33851,"Oklahoma City, OK",13,363110,225.1,24.09,934.4,328820,233.63,25.33,922.5,"Oklahoma City, OK
(35.468494, -97.521264)",2018133851
Table 2,2018,1,33667,"Norfolk, VA (Metropolitan Area)",11,277990,234.73,21.18,1108.1,265120,247.23,21.55,1147.4,"Norfolk, VA (Metropolitan Area)
(36.846164, -76.285913)",2018133667
Table 2,2018,1,33570,"San Diego, CA",42,3408370,199.04,15.96,1247.1,3065070,215.32,17.1,1259.5,"San Diego, CA
(32.71576, -117.163817)",2018133570
Table 2,2018,1,33495,"New Orleans, LA",33,2012140,199.31,19.61,1016.1,1839190,210.5,20.85,1009.4,"New Orleans, LA
(29.950621, -90.074948)",2018133495
Table 2,2018,1,33342,"Milwaukee, WI",24,1052860,187.7,17.35,1081.7,1022610,193.58,17.61,1099.5,"Milwaukee, WI
(43.041072, -87.909421)",2018133342
Table 2,2018,1,33316,"Omaha, NE",17,567990,200.48,19.87,1008.7,515660,212.09,21.13,1003.8,"Omaha, NE
(46.07035, -93.666319)",2018133316
Table 2,2018,1,33244,"Memphis, TN",17,495660,231.36,25.41,910.5,478930,228.23,25.38,899.4,"Memphis, TN
(35.143378, -90.052136)",2018133244
Table 2,2018,1,33214,"San Antonio, TX",27,1197450,224.12,21.15,1059.5,1104230,236.97,22.59,1048.9,"San Antonio, TX
(29.425173, -98.494599)",2018133214
Table 2,2018,1,33198,"Kansas City, MO",32,1528570,203.23,21.84,930.4,1491360,208.24,22.28,934.8,"Kansas City, MO
(39.099792, -94.578559)",2018133198
Table 2,2018,1,33195,"Tampa, FL (Metropolitan Area)",51,3632730,187.51,17.42,1076.7,3469320,188.28,17.61,1069.4,"Tampa, FL (Metropolitan Area)
(37.8606, -78.804199)",2018133195
Table 2,2018,1,33192,"Sacramento, CA",21,1567630,172.99,20.9,827.6,1406150,188.59,22.21,849.2,"Sacramento, CA
(38.582087, -121.50012)",2018133192
Table 2,2018,1,33105,"Cincinnati, OH",22,952610,193.31,20.51,942.5,803270,215.32,22.08,975.4,"Cincinnati, OH
(39.104427, -84.513808)",2018133105
Table 2,2018,1,33044,"Louisville, KY",11,301810,221.83,24.94,889.6,283320,237.11,27.41,864.9,"Louisville, KY
(38.256078, -85.751569)",2018133044
Table 2,2018,1,32600,"Little Rock, AR",8,133400,253.18,30.23,837.6,135560,248.17,30.21,821.5,"Little Rock, AR
(34.748745, -92.275105)",2018132600
Table 2,2018,1,32575,"Los Angeles, CA (Metropolitan Area)",67,12411750,205.65,15.91,1293,11801920,206.83,15.95,1296.6,"Los Angeles, CA (Metropolitan Area)
(34.052238, -118.243344)",2018132575
Table 2,2018,1,32467,"Miami, FL (Metropolitan Area)",58,7183780,197.83,16.01,1235.3,7181180,185.6,15.05,1233.1,"Miami, FL (Metropolitan Area)
(44.977479, -93.264346)",2018132467
Table 2,2018,1,32457,"San Francisco, CA (Metropolitan Area)",48,9155820,207.22,16.94,1223.4,8541470,219.54,17.62,1246.2,"San Francisco, CA (Metropolitan Area)
(37.78008, -122.420168)",2018132457
Table 2,2018,1,32337,"Indianapolis, IN",26,1304500,199.38,19.72,1010.9,1227080,208.32,21.12,986.4,"Indianapolis, IN
(39.76845, -86.156212)",2018132337
Table 2,2018,1,32211,"Las Vegas, NV",67,6262200,181.39,14.98,1210.7,6300510,185.26,15.21,1218.1,"Las Vegas, NV
(36.169202, -115.140597)",2018132211
Table 2,2018,1,31986,"Grand Rapids, MI",15,396620,196.51,17.82,1102.7,343160,211.24,18.84,1121.2,"Grand Rapids, MI
(47.925705, -97.036068)",2018131986
Table 2,2018,1,31884,"Spokane, WA",10,402210,161.74,23.91,676.4,384460,160.34,24.55,653.2,"Spokane, WA
(47.658999, -117.425022)",2018131884
Table 2,2018,1,31714,"Fort Myers, FL",28,2059400,200.49,17.47,1147.6,2019280,195.08,16.98,1148.7,"Fort Myers, FL
(40.253979, -103.801495)",2018131714
Table 2,2018,1,31703,"New York City, NY (Metropolitan Area)",74,13678840,231.6,18.14,1276.9,13234540,222.9,17.51,1272.7,"New York City, NY (Metropolitan Area)
(40.123164, -75.333718)",2018131703
Table 2,2018,1,31650,"Minneapolis/St. Paul, MN",44,3605040,218.09,19.63,1110.8,3424540,209.24,18.79,1113.3,"Minneapolis/St. Paul, MN
(44.977479, -93.264346)",2018131650
Table 2,2018,1,31454,"Orlando, FL",57,6722290,180.37,15.99,1128,6539060,176.61,15.76,1120.6,"Orlando, FL
(28.538331, -81.378879)",2018131454
Table 2,2018,1,31453,"Houston, TX",50,4028170,228.44,22.48,1016.3,3962630,235.69,23.18,1016.9,"Houston, TX
(29.760803, -95.369506)",2018131453
Table 2,2018,1,31423,"Des Moines, IA",10,225990,213.57,19.88,1074.5,224340,210.09,19.75,1063.5,"Des Moines, IA
(41.588822, -93.620309)",2018131423
Table 2,2018,1,31295,"Detroit, MI",35,2885800,214.87,20.62,1042.1,2840520,209.99,20.09,1045.2,"Detroit, MI
(42.332916, -83.047853)",2018131295
Table 2,2018,1,31136,"Jacksonville, FL",18,702480,224.69,23.83,943,673660,222.24,23.76,935.3,"Jacksonville, FL
(30.325968, -81.65676)",2018131136
Table 2,2018,1,31123,"St. Louis, MO",34,1627720,213.95,23.18,923,1604150,219.52,23.89,918.9,"St. Louis, MO
(38.630276, -90.200309)",2018131123
Table 2,2018,1,31066,"Columbus, OH",23,1061470,209.33,22.66,923.9,1036130,215.17,23.07,932.8,"Columbus, OH
(39.962649, -82.996216)",2018131066
Table 2,2018,1,31057,"Charlotte, NC",38,1951360,240.62,28.06,857.7,1885260,230.54,27.11,850.4,"Charlotte, NC
(35.222936, -80.840161)",2018131057
Table 2,2018,1,30994,"Charleston, SC",12,400680,203.72,24.36,836.3,375940,200.15,24.23,826.1,"Charleston, SC
(32.77647, -79.931027)",2018130994
Table 2,2018,1,30977,"Chicago, IL",62,8231350,198.37,20,991.8,8353570,184.46,18.53,995.4,"Chicago, IL
(41.775002, -87.696388)",2018130977
Table 2,2018,1,30852,"Washington, DC (Metropolitan Area)",70,7854380,212.42,19.55,1086.3,7941890,210.7,19.67,1071.2,"Washington, DC (Metropolitan Area)
(38.892062, -77.019912)",2018130852
Table 2,2018,1,30792,"Buffalo, NY",13,619050,175.18,17.77,986,595890,172.89,17.54,985.7,"Buffalo, NY
(39.945422, -78.64671)",2018130792
Table 2,2018,1,30721,"Boston, MA (Metropolitan Area)",47,5745640,199.34,15.99,1246.7,5552190,207.2,16.66,1244,"Boston, MA (Metropolitan Area)
(42.358894, -71.056742)",2018130721
Table 2,2018,1,30713,"Boise, ID",11,420080,158.46,28.13,563.4,394650,157.15,27.81,565.1,"Boise, ID
(43.597772, -83.884521)",2018130713
Table 2,2018,1,30693,"Nashville, TN",34,1867610,209.33,23.97,873.3,1704760,211.5,24.22,873.3,"Nashville, TN
(36.166687, -86.779932)",2018130693
Table 2,2018,1,30647,"Cleveland, OH (Metropolitan Area)",27,1322110,198.4,19.36,1025,1284200,203.36,19.73,1030.5,"Cleveland, OH (Metropolitan Area)
(41.505546, -81.6915)",2018130647
Table 2,2018,1,30615,"El Paso, TX",9,274120,209.35,28.83,726.1,257180,221.66,30.45,728,"El Paso, TX
(31.76006, -106.492257)",2018130615
Table 2,2018,1,30599,"Birmingham, AL",10,243420,244.69,30.61,799.5,245350,236.79,29.92,791.5,"Birmingham, AL
(33.522859, -86.807705)",2018130599
Table 2,2018,1,30559,"Seattle, WA",47,4330070,191.05,14.62,1306.4,4158090,188.99,14.57,1297.2,"Seattle, WA
(47.603229, -122.33028)",2018130559
Table 2,2018,1,30529,"Hartford, CT",18,782490,216.27,17.84,1212.5,824080,211.99,17.62,1203,"Hartford, CT
(41.765775, -72.673356)",2018130529
Table 2,2018,1,30466,"Phoenix, AZ",62,5792670,201.16,17.52,1147.9,5503350,198.65,17.21,1153.9,"Phoenix, AZ
(30.406931, -87.217578)",2018130466
Table 2,2018,1,30436,"Tucson, AZ",13,408900,225.65,20.9,1079.5,401420,216.78,20.24,1070.8,"Tucson, AZ
(35.167852, -103.726151)",2018130436
Table 2,2018,1,30423,"Austin, TX",34,2053160,216.88,18.81,1153.2,1833120,236.52,20.56,1150.3,"Austin, TX
(30.264979, -97.746598)",2018130423
Table 2,2018,1,30397,"Atlanta, GA (Metropolitan Area)",58,5792830,202.03,22.93,881.2,5718310,195.86,22.37,875.5,"Atlanta, GA (Metropolitan Area)
(33.748547, -84.391502)",2018130397
Table 2,2018,1,30325,"Denver, CO",55,5953770,180.84,17.29,1045.9,5709950,182.84,17.53,1042.9,"Denver, CO
(39.738453, -104.984853)",2018130325
Table 2,2018,1,30257,"Albany, NY",10,294740,211.75,18.03,1174.7,301100,197.69,16.89,1170.5,"Albany, NY
(42.651242, -73.755418)",2018130257
Table 2,2018,1,30198,"Pittsburgh, PA",24,1151190,206.53,20.76,994.7,1066260,222.58,22.33,996.9,"Pittsburgh, PA
(40.442169, -79.994945)",2018130198
Table 2,2018,1,30194,"Dallas/Fort Worth, TX",67,6348690,209.5,21.74,963.7,6312840,200.37,20.87,960,"Dallas/Fort Worth, TX
(40.11086, -77.035636)",2018130194
Table 2,2018,1,30140,"Albuquerque, NM",16,567930,183.47,21.28,862.2,502220,211.91,23.92,886,"Albuquerque, NM
(35.084248, -106.649241)",2018130140
Table 2,2017,4,35412,"Knoxville, TN",7,154160,179.73,25.22,712.6,128510,198.44,26.25,756.1,"Knoxville, TN
(35.962631, -83.916677)",2017435412
Table 2,2017,4,35096,"Syracuse, NY",8,197710,202.74,27.74,730.9,179690,195.63,26.28,744.3,"Syracuse, NY
(43.047945, -76.147448)",2017435096
Table 2,2017,4,34685,"Savannah, GA",3,165640,176.78,23.68,746.4,134740,174.76,23.27,751.1,"Savannah, GA
(40.115007, -111.654713)",2017434685
Table 2,2017,4,34653,"Tulsa, OK",10,294510,209.95,26.35,796.9,276360,217.57,27.21,799.5,"Tulsa, OK
(61.096484, -160.967455)",2017434653
Table 2,2017,4,34614,"Salt Lake City, UT",31,2178020,200.3,19.66,1019,2011770,202.09,19.69,1026.3,"Salt Lake City, UT
(40.758478, -111.888142)",2017434614
Table 2,2017,4,34576,"Rochester, NY",8,224600,186.9,30.57,611.4,225810,183.11,29.05,630.4,"Rochester, NY
(43.155708, -77.612547)",2017434576
Table 2,2017,4,34570,"Reno, NV",12,492580,176.18,25.23,698.3,444640,185.56,25.52,727,"Reno, NV
(30.177159, -95.162771)",2017434570
Table 2,2017,4,34524,"Richmond, VA",13,461990,230.14,25.08,917.6,416130,230.68,24.62,937,"Richmond, VA
(37.540759, -77.433932)",2017434524
Table 2,2017,4,34492,"Raleigh/Durham, NC",29,1917770,205.54,22.36,919.2,1781530,201.58,22.55,893.9,"Raleigh/Durham, NC
(42.673348, -72.179683)",2017434492
Table 2,2017,4,34321,"Portland, ME",3,115600,162.07,33.28,487,109380,171.06,33.79,506.2,"Portland, ME
(45.516018, -122.681425)",2017434321
Table 2,2017,4,34262,"Palm Springs, CA",6,209020,217.03,19.41,1118.4,188390,217.86,19.49,1117.6,"Palm Springs, CA
(33.830302, -116.546843)",2017434262
Table 2,2017,4,34100,"Philadelphia, PA",39,3390090,227.35,19.13,1188.3,3333440,215.36,18.33,1175.1,"Philadelphia, PA
(39.951061, -75.16562)",2017434100
Table 2,2017,4,34057,"Portland, OR",35,2728980,183.3,15.45,1186.1,2635890,177.11,15.14,1169.4,"Portland, OR
(45.516018, -122.681425)",2017434057
Table 2,2017,4,34027,"West Palm Beach/Palm Beach, FL",11,952170,209.4,20.38,1027.7,925320,205.82,19.99,1029.7,"West Palm Beach/Palm Beach, FL
(33.90976, -98.500854)",2017434027
Table 2,2017,4,33851,"Oklahoma City, OK",13,446510,218.69,22.98,951.6,394550,227.04,24.23,937.2,"Oklahoma City, OK
(35.468494, -97.521264)",2017433851
Table 2,2017,4,33667,"Norfolk, VA (Metropolitan Area)",15,426880,235.11,20.66,1137.8,381900,247.42,21.28,1162.9,"Norfolk, VA (Metropolitan Area)
(36.846164, -76.285913)",2017433667
Table 2,2017,4,33570,"San Diego, CA",45,3711870,200.47,15.65,1280.6,3419080,212.46,16.56,1282.6,"San Diego, CA
(32.71576, -117.163817)",2017433570
Table 2,2017,4,33495,"New Orleans, LA",30,1979550,197.71,19.49,1014.2,1862010,199.39,19.68,1013.3,"New Orleans, LA
(29.950621, -90.074948)",2017433495
Table 2,2017,4,33485,"Madison, WI",5,106580,283.11,24.95,1134.6,106920,261.5,22.49,1162.7,"Madison, WI
(43.073926, -89.385244)",2017433485
Table 2,2017,4,33342,"Milwaukee, WI",24,1041270,194.39,18.87,1030.4,1040580,194.29,18.4,1055.7,"Milwaukee, WI
(43.041072, -87.909421)",2017433342
Table 2,2017,4,33316,"Omaha, NE",16,577200,202.38,20.64,980.6,542830,203.34,20.82,976.9,"Omaha, NE
(46.07035, -93.666319)",2017433316
Table 2,2017,4,33244,"Memphis, TN",17,586880,222.55,24.24,917.9,554480,216.43,24.02,901.2,"Memphis, TN
(35.143378, -90.052136)",2017433244
Table 2,2017,4,33214,"San Antonio, TX",28,1333010,215.11,19.89,1081.3,1236180,227.96,21.16,1077.2,"San Antonio, TX
(29.425173, -98.494599)",2017433214
Table 2,2017,4,33198,"Kansas City, MO",31,1750530,198.63,21.45,926,1675320,197.88,21.31,928.6,"Kansas City, MO
(39.099792, -94.578559)",2017433198
Table 2,2017,4,33195,"Tampa, FL (Metropolitan Area)",47,3337810,189.73,17.79,1066.5,3226030,190.82,18.05,1057,"Tampa, FL (Metropolitan Area)
(37.8606, -78.804199)",2017433195
Table 2,2017,4,33192,"Sacramento, CA",25,1819510,179.44,19.52,919.4,1635150,193.86,20.72,935.7,"Sacramento, CA
(38.582087, -121.50012)",2017433192
Table 2,2017,4,33105,"Cincinnati, OH",23,1070340,190.4,19.9,956.9,875130,219.33,22.24,986.4,"Cincinnati, OH
(39.104427, -84.513808)",2017433105
Table 2,2017,4,33044,"Louisville, KY",14,407780,222.32,24.2,918.8,380520,228.51,24.41,936.2,"Louisville, KY
(38.256078, -85.751569)",2017433044
Table 2,2017,4,32600,"Little Rock, AR",7,144120,243.81,27.06,901.1,146340,233.89,25.95,901.4,"Little Rock, AR
(34.748745, -92.275105)",2017432600
Table 2,2017,4,32575,"Los Angeles, CA (Metropolitan Area)",68,13752720,209.28,15.95,1311.7,13203840,208.52,15.83,1317.7,"Los Angeles, CA (Metropolitan Area)
(34.052238, -118.243344)",2017432575
Table 2,2017,4,32467,"Miami, FL (Metropolitan Area)",54,6681630,187.69,15.38,1220.6,6460420,186.19,15.18,1226.9,"Miami, FL (Metropolitan Area)
(44.977479, -93.264346)",2017432467
Table 2,2017,4,32457,"San Francisco, CA (Metropolitan Area)",55,10714200,209.99,16.44,1276.9,10162460,219.71,17.15,1280.8,"San Francisco, CA (Metropolitan Area)
(37.78008, -122.420168)",2017432457
Table 2,2017,4,32337,"Indianapolis, IN",24,1396170,204.19,20.45,998.4,1317160,205.36,20.85,984.8,"Indianapolis, IN
(39.76845, -86.156212)",2017432337
Table 2,2017,4,32211,"Las Vegas, NV",64,6202640,172.54,14.24,1211.8,6244370,175.21,14.43,1214,"Las Vegas, NV
(36.169202, -115.140597)",2017432211
Table 2,2017,4,31986,"Grand Rapids, MI",13,289440,213.65,19.86,1075.9,291450,215.99,19.83,1089.1,"Grand Rapids, MI
(47.925705, -97.036068)",2017431986
Table 2,2017,4,31884,"Spokane, WA",10,445880,162.67,24.89,653.5,406790,164.14,25.25,650,"Spokane, WA
(47.658999, -117.425022)",2017431884
Table 2,2017,4,31871,"Greenville/Spartanburg, SC",5,124980,209.1,32.57,642,110480,216.5,33.01,655.9,"Greenville/Spartanburg, SC
(44.513288, -88.013256)",2017431871
Table 2,2017,4,31714,"Fort Myers, FL",21,1263480,209.75,18.76,1118,1290260,202.21,18.1,1117,"Fort Myers, FL
(40.253979, -103.801495)",2017431714
Table 2,2017,4,31703,"New York City, NY (Metropolitan Area)",76,15945700,231.66,18.6,1245.2,15189830,230.07,18.46,1246.2,"New York City, NY (Metropolitan Area)
(40.123164, -75.333718)",2017431703
Table 2,2017,4,31650,"Minneapolis/St. Paul, MN",41,3543220,205.38,19.53,1051.8,3436870,207.34,19.69,1052.8,"Minneapolis/St. Paul, MN
(44.977479, -93.264346)",2017431650
Table 2,2017,4,31454,"Orlando, FL",52,6279410,179.04,15.98,1120.2,5964890,178.05,16.03,1110.4,"Orlando, FL
(28.538331, -81.378879)",2017431454
Table 2,2017,4,31453,"Houston, TX",51,4592620,224.23,21.61,1037.7,4391750,230.5,22.14,1040.9,"Houston, TX
(29.760803, -95.369506)",2017431453
Table 2,2017,4,31423,"Des Moines, IA",9,212920,226.1,21.12,1070.7,212870,215.97,20.46,1055.3,"Des Moines, IA
(41.588822, -93.620309)",2017431423
Table 2,2017,4,31295,"Detroit, MI",34,3125210,210.92,20.84,1012.1,2994160,209.07,20.33,1028.6,"Detroit, MI
(42.332916, -83.047853)",2017431295
Table 2,2017,4,31267,"Dayton, OH",6,119730,209.17,31.11,672.4,131500,217.66,29.98,726,"Dayton, OH
(39.760982, -84.192203)",2017431267
Table 2,2017,4,31136,"Jacksonville, FL",19,785890,222.78,23.27,957.4,754880,215.33,22.24,968.2,"Jacksonville, FL
(30.325968, -81.65676)",2017431136
Table 2,2017,4,31123,"St. Louis, MO",34,1883200,212.82,23.21,917.1,1821590,209.38,22.8,918.3,"St. Louis, MO
(38.630276, -90.200309)",2017431123
Table 2,2017,4,31066,"Columbus, OH",23,1189190,207.62,22.52,921.9,1147870,207.56,22.54,921,"Columbus, OH
(39.962649, -82.996216)",2017431066
Table 2,2017,4,31057,"Charlotte, NC",42,2403060,229.83,26.1,880.7,2306410,222.22,25.42,874.3,"Charlotte, NC
(35.222936, -80.840161)",2017431057
Table 2,2017,4,30994,"Charleston, SC",11,480080,205.73,25.77,798.4,420770,202.09,25.03,807.2,"Charleston, SC
(32.77647, -79.931027)",2017430994
Table 2,2017,4,30977,"Chicago, IL",65,9786280,190.49,19.82,961.2,9719900,184.24,19.02,968.8,"Chicago, IL
(41.775002, -87.696388)",2017430977
Table 2,2017,4,30852,"Washington, DC (Metropolitan Area)",71,9412480,206.96,19.54,1059.3,9048500,206.47,19.54,1056.4,"Washington, DC (Metropolitan Area)
(38.892062, -77.019912)",2017430852
Table 2,2017,4,30792,"Buffalo, NY",14,686500,179.18,19.97,897.2,665600,175.54,19.03,922.3,"Buffalo, NY
(39.945422, -78.64671)",2017430792
Table 2,2017,4,30721,"Boston, MA (Metropolitan Area)",52,7002040,203.61,16.84,1209.2,6560100,207.71,17.14,1212.1,"Boston, MA (Metropolitan Area)
(42.358894, -71.056742)",2017430721
Table 2,2017,4,30713,"Boise, ID",12,486050,163.7,27.68,591.3,439930,166.09,28.35,585.8,"Boise, ID
(43.597772, -83.884521)",2017430713
Table 2,2017,4,30693,"Nashville, TN",36,2176720,211.68,23.71,892.8,1981820,201.73,22.45,898.4,"Nashville, TN
(36.166687, -86.779932)",2017430693
Table 2,2017,4,30647,"Cleveland, OH (Metropolitan Area)",27,1439320,198.12,19.98,991.6,1415700,204.53,20.45,1000,"Cleveland, OH (Metropolitan Area)
(41.505546, -81.6915)",2017430647
Table 2,2017,4,30615,"El Paso, TX",12,371030,216.63,25.78,840.3,358280,223.41,26.79,833.9,"El Paso, TX
(31.76006, -106.492257)",2017430615
Table 2,2017,4,30599,"Birmingham, AL",9,282000,243.24,31.63,769,265930,234.26,31.03,754.8,"Birmingham, AL
(33.522859, -86.807705)",2017430599
Table 2,2017,4,30559,"Seattle, WA",52,5130520,198.55,14.81,1340.5,4886900,193.91,14.6,1328.2,"Seattle, WA
(47.603229, -122.33028)",2017430559
Table 2,2017,4,30529,"Hartford, CT",20,933690,221.49,18.24,1214.5,937810,217.81,17.87,1218.7,"Hartford, CT
(41.765775, -72.673356)",2017430529
Table 2,2017,4,30466,"Phoenix, AZ",58,5435320,200.01,17.33,1154,5179880,193.61,16.84,1150,"Phoenix, AZ
(30.406931, -87.217578)",2017430466
Table 2,2017,4,30436,"Tucson, AZ",12,389120,221.56,21.08,1051,395580,209.32,19.93,1050.1,"Tucson, AZ
(35.167852, -103.726151)",2017430436
Table 2,2017,4,30423,"Austin, TX",34,2311450,210.02,18.09,1161,1996760,230.09,19.7,1167.8,"Austin, TX
(30.264979, -97.746598)",2017430423
Table 2,2017,4,30397,"Atlanta, GA (Metropolitan Area)",61,6834350,197.86,22.35,885.1,6553910,190.53,21.56,883.8,"Atlanta, GA (Metropolitan Area)
(33.748547, -84.391502)",2017430397
Table 2,2017,4,30325,"Denver, CO",56,6545580,180.06,17.24,1044.7,6030540,185.05,17.75,1042.3,"Denver, CO
(39.738453, -104.984853)",2017430325
Table 2,2017,4,30257,"Albany, NY",11,310650,220.83,18.2,1213.1,310600,215.41,17.63,1222.1,"Albany, NY
(42.651242, -73.755418)",2017430257
Table 2,2017,4,30198,"Pittsburgh, PA",26,1373420,208.33,20.91,996.2,1260470,223.77,22.02,1016,"Pittsburgh, PA
(40.442169, -79.994945)",2017430198
Table 2,2017,4,30194,"Dallas/Fort Worth, TX",67,7263640,198.97,20.21,984.7,7015890,192.03,19.61,979.2,"Dallas/Fort Worth, TX
(40.11086, -77.035636)",2017430194
Table 2,2017,4,30140,"Albuquerque, NM",17,705490,199.2,21.37,932,657120,209.68,22.5,932.1,"Albuquerque, NM
(35.084248, -106.649241)",2017430140
Table 2,2017,3,35412,"Knoxville, TN",5,113260,191.75,27.42,699.2,88280,235.08,31.78,739.7,"Knoxville, TN
(35.962631, -83.916677)",2017335412
Table 2,2017,3,35096,"Syracuse, NY",7,152730,203.84,28.56,713.7,149710,201.05,26.56,756.9,"Syracuse, NY
(43.047945, -76.147448)",2017335096
Table 2,2017,3,34685,"Savannah, GA",4,185600,165.09,22.37,737.9,162830,175.8,23.59,745.1,"Savannah, GA
(40.115007, -111.654713)",2017334685
Table 2,2017,3,34653,"Tulsa, OK",8,229240,207.84,26.44,786,227740,221.7,28.06,790.2,"Tulsa, OK
(61.096484, -160.967455)",2017334653
Table 2,2017,3,34614,"Salt Lake City, UT",32,2319710,198.61,19.21,1033.9,2111640,209.98,19.9,1055.3,"Salt Lake City, UT
(40.758478, -111.888142)",2017334614
Table 2,2017,3,34576,"Rochester, NY",9,217270,199.39,26.23,760.1,230510,194.67,25.63,759.7,"Rochester, NY
(43.155708, -77.612547)",2017334576
Table 2,2017,3,34570,"Reno, NV",13,585090,192.1,24.42,786.5,522270,201.84,24.68,817.7,"Reno, NV
(30.177159, -95.162771)",2017334570
Table 2,2017,3,34524,"Richmond, VA",12,406530,224.68,23.25,966.2,412080,225.93,23.77,950.3,"Richmond, VA
(37.540759, -77.433932)",2017334524
Table 2,2017,3,34492,"Raleigh/Durham, NC",30,1783080,200.9,20.79,966.5,1697060,202.7,21.21,955.6,"Raleigh/Durham, NC
(42.673348, -72.179683)",2017334492
Table 2,2017,3,34321,"Portland, ME",4,163750,212.73,44.68,476.1,159180,221.26,46.5,475.8,"Portland, ME
(45.516018, -122.681425)",2017334321
Table 2,2017,3,34100,"Philadelphia, PA",43,3385760,219.66,18.24,1204.1,3474380,214.94,17.95,1197.7,"Philadelphia, PA
(39.951061, -75.16562)",2017334100
Table 2,2017,3,34057,"Portland, OR",38,3066370,189.34,14.9,1271.1,2963210,184.64,14.65,1260.1,"Portland, OR
(45.516018, -122.681425)",2017334057
Table 2,2017,3,34027,"West Palm Beach/Palm Beach, FL",9,685730,173.35,17.25,1005.1,698870,178.46,17.65,1011,"West Palm Beach/Palm Beach, FL
(33.90976, -98.500854)",2017334027
Table 2,2017,3,33851,"Oklahoma City, OK",13,398230,220.25,22.73,968.9,376510,233.82,24.3,962.2,"Oklahoma City, OK
(35.468494, -97.521264)",2017333851
Table 2,2017,3,33667,"Norfolk, VA (Metropolitan Area)",14,409030,254.03,19.07,1331.9,390280,259.61,19.76,1313.7,"Norfolk, VA (Metropolitan Area)
(36.846164, -76.285913)",2017333667
Table 2,2017,3,33570,"San Diego, CA",44,3875280,194.97,15.19,1283.4,3530880,210.17,16.36,1284.6,"San Diego, CA
(32.71576, -117.163817)",2017333570
Table 2,2017,3,33495,"New Orleans, LA",29,1731060,178.8,17.53,1020,1587240,194.14,19.11,1015.9,"New Orleans, LA
(29.950621, -90.074948)",2017333495
Table 2,2017,3,33485,"Madison, WI",6,132480,252.61,23.18,1089.7,131230,254.79,22.45,1134.8,"Madison, WI
(43.073926, -89.385244)",2017333485
Table 2,2017,3,33342,"Milwaukee, WI",22,1074130,190.19,17.73,1072.9,1078260,190.81,17.92,1064.8,"Milwaukee, WI
(43.041072, -87.909421)",2017333342
Table 2,2017,3,33316,"Omaha, NE",17,605870,196.71,19.46,1010.8,568390,209.92,21,999.5,"Omaha, NE
(46.07035, -93.666319)",2017333316
Table 2,2017,3,33244,"Memphis, TN",16,537530,218.39,23.24,939.8,525010,220.57,24.16,913.1,"Memphis, TN
(35.143378, -90.052136)",2017333244
Table 2,2017,3,33214,"San Antonio, TX",28,1247360,213.3,19.56,1090.7,1166710,225.01,20.73,1085.4,"San Antonio, TX
(29.425173, -98.494599)",2017333214
Table 2,2017,3,33198,"Kansas City, MO",32,1788500,196.33,20.83,942.5,1716270,201.61,21.26,948.3,"Kansas City, MO
(39.099792, -94.578559)",2017333198
Table 2,2017,3,33195,"Tampa, FL (Metropolitan Area)",43,2819530,180.47,16.71,1079.8,2799400,185.85,17.45,1065.1,"Tampa, FL (Metropolitan Area)
(37.8606, -78.804199)",2017333195
Table 2,2017,3,33192,"Sacramento, CA",26,1749380,187.72,19.61,957.4,1648490,196.38,20.15,974.6,"Sacramento, CA
(38.582087, -121.50012)",2017333192
Table 2,2017,3,33105,"Cincinnati, OH",23,1103220,172.93,17.3,999.7,851080,213.71,21.06,1014.9,"Cincinnati, OH
(39.104427, -84.513808)",2017333105
Table 2,2017,3,33044,"Louisville, KY",13,357870,226,25.45,887.9,347660,234.96,25.78,911.5,"Louisville, KY
(38.256078, -85.751569)",2017333044
Table 2,2017,3,32600,"Little Rock, AR",6,122790,248.93,28.86,862.5,125030,242.54,28.51,850.6,"Little Rock, AR
(34.748745, -92.275105)",2017332600
Table 2,2017,3,32575,"Los Angeles, CA (Metropolitan Area)",73,13907600,201.33,15.27,1318.3,13596470,206.03,15.41,1337.4,"Los Angeles, CA (Metropolitan Area)
(34.052238, -118.243344)",2017332575
Table 2,2017,3,32467,"Miami, FL (Metropolitan Area)",50,5933370,170.24,13.95,1220.5,5838790,174.31,14.15,1231.9,"Miami, FL (Metropolitan Area)
(44.977479, -93.264346)",2017332467
Table 2,2017,3,32457,"San Francisco, CA (Metropolitan Area)",61,10994240,207.63,15.85,1309.7,10557320,221.15,16.8,1316.7,"San Francisco, CA (Metropolitan Area)
(37.78008, -122.420168)",2017332457
Table 2,2017,3,32337,"Indianapolis, IN",26,1338900,200.45,19.42,1032.1,1260650,205.43,20.08,1023,"Indianapolis, IN
(39.76845, -86.156212)",2017332337
Table 2,2017,3,32211,"Las Vegas, NV",61,6713960,169.22,13.86,1221,6505980,174.78,14.11,1239.1,"Las Vegas, NV
(36.169202, -115.140597)",2017332211
Table 2,2017,3,31986,"Grand Rapids, MI",13,292910,231.9,20.59,1126.2,286630,233.23,20.84,1119,"Grand Rapids, MI
(47.925705, -97.036068)",2017331986
Table 2,2017,3,31884,"Spokane, WA",13,480210,176.14,21.33,825.6,441230,181,21.8,830.2,"Spokane, WA
(47.658999, -117.425022)",2017331884
Table 2,2017,3,31871,"Greenville/Spartanburg, SC",5,113170,231.62,36.67,631.6,106570,229.75,36.39,631.3,"Greenville/Spartanburg, SC
(44.513288, -88.013256)",2017331871
Table 2,2017,3,31714,"Fort Myers, FL",17,729120,178.8,16.75,1067.3,744100,177.4,16.58,1070.2,"Fort Myers, FL
(40.253979, -103.801495)",2017331714
Table 2,2017,3,31703,"New York City, NY (Metropolitan Area)",77,15367840,223.93,17.55,1276.3,14782210,231.44,18.02,1284.5,"New York City, NY (Metropolitan Area)
(40.123164, -75.333718)",2017331703
Table 2,2017,3,31650,"Minneapolis/St. Paul, MN",41,3626570,203.4,19.67,1034.1,3568460,210.32,20.22,1040,"Minneapolis/St. Paul, MN
(44.977479, -93.264346)",2017331650
Table 2,2017,3,31454,"Orlando, FL",51,5720840,157.97,14,1128,5529880,167.44,14.94,1120.8,"Orlando, FL
(28.538331, -81.378879)",2017331454
Table 2,2017,3,31453,"Houston, TX",51,4067850,209.43,19.65,1065.8,4183490,230.86,21.78,1060.1,"Houston, TX
(29.760803, -95.369506)",2017331453
Table 2,2017,3,31423,"Des Moines, IA",9,210370,221.42,20.85,1062,214730,219.98,21.04,1045.6,"Des Moines, IA
(41.588822, -93.620309)",2017331423
Table 2,2017,3,31295,"Detroit, MI",36,3136970,199.81,19.17,1042.1,2935830,210.08,19.95,1053,"Detroit, MI
(42.332916, -83.047853)",2017331295
Table 2,2017,3,31136,"Jacksonville, FL",17,652660,218.66,22.52,971,704460,212.48,21.86,972.1,"Jacksonville, FL
(30.325968, -81.65676)",2017331136
Table 2,2017,3,31135,"Myrtle Beach, SC",9,264190,118.01,19.17,615.7,231850,126.91,20.86,608.2,"Myrtle Beach, SC
(33.68785, -78.883852)",2017331135
Table 2,2017,3,31123,"St. Louis, MO",35,1863110,215.81,22.84,945.1,1836070,217.18,23.12,939.5,"St. Louis, MO
(38.630276, -90.200309)",2017331123
Table 2,2017,3,31066,"Columbus, OH",24,1146770,205.92,21.35,964.6,1131440,208.86,21.79,958.6,"Columbus, OH
(39.962649, -82.996216)",2017331066
Table 2,2017,3,31057,"Charlotte, NC",39,2222900,230.76,25.23,914.5,2115150,232.05,25.48,910.7,"Charlotte, NC
(35.222936, -80.840161)",2017331057
Table 2,2017,3,30994,"Charleston, SC",13,497240,204.77,22.81,897.7,494260,195.53,21.85,895,"Charleston, SC
(32.77647, -79.931027)",2017330994
Table 2,2017,3,30977,"Chicago, IL",70,10546590,176.43,18.06,976.7,10374970,183.05,18.64,981.9,"Chicago, IL
(41.775002, -87.696388)",2017330977
Table 2,2017,3,30852,"Washington, DC (Metropolitan Area)",73,9275560,203.39,18.52,1098.3,9031490,210.45,19.11,1101.4,"Washington, DC (Metropolitan Area)
(38.892062, -77.019912)",2017330852
Table 2,2017,3,30792,"Buffalo, NY",17,774540,189.57,20.23,936.9,776600,193.04,19.91,969.4,"Buffalo, NY
(39.945422, -78.64671)",2017330792
Table 2,2017,3,30721,"Boston, MA (Metropolitan Area)",52,7153490,206.71,16.42,1259,6995480,213.08,16.98,1255,"Boston, MA (Metropolitan Area)
(42.358894, -71.056742)",2017330721
Table 2,2017,3,30713,"Boise, ID",13,476810,169.05,25.32,667.6,428330,173.25,25.76,672.4,"Boise, ID
(43.597772, -83.884521)",2017330713
Table 2,2017,3,30693,"Nashville, TN",36,2119530,211.99,23.19,914.3,1930400,205.42,22.45,915,"Nashville, TN
(36.166687, -86.779932)",2017330693
Table 2,2017,3,30647,"Cleveland, OH (Metropolitan Area)",26,1495700,181.26,17.09,1060.8,1483920,202.11,19.05,1060.8,"Cleveland, OH (Metropolitan Area)
(41.505546, -81.6915)",2017330647
Table 2,2017,3,30615,"El Paso, TX",11,325470,223.02,26.81,831.9,326080,227.42,27.19,836.5,"El Paso, TX
(31.76006, -106.492257)",2017330615
Table 2,2017,3,30599,"Birmingham, AL",8,219310,238.45,30.83,773.5,224110,238.06,30.85,771.7,"Birmingham, AL
(33.522859, -86.807705)",2017330599
Table 2,2017,3,30559,"Seattle, WA",55,6047560,203.72,14.46,1409,5829810,196.88,14.07,1399.6,"Seattle, WA
(47.603229, -122.33028)",2017330559
Table 2,2017,3,30529,"Hartford, CT",22,923200,216.49,17.09,1266.7,886360,223.47,17.5,1277.1,"Hartford, CT
(41.765775, -72.673356)",2017330529
Table 2,2017,3,30466,"Phoenix, AZ",49,4282920,189.45,16.66,1137.2,4121270,191.52,16.82,1138.5,"Phoenix, AZ
(30.406931, -87.217578)",2017330466
Table 2,2017,3,30436,"Tucson, AZ",10,287980,210.36,21.43,981.7,285710,204.42,21.68,943,"Tucson, AZ
(35.167852, -103.726151)",2017330436
Table 2,2017,3,30423,"Austin, TX",34,2165380,198.87,16.87,1178.7,1936790,219.84,18.67,1177.6,"Austin, TX
(30.264979, -97.746598)",2017330423
Table 2,2017,3,30397,"Atlanta, GA (Metropolitan Area)",59,6627530,188.79,21.05,896.8,6398350,193.07,21.5,898.1,"Atlanta, GA (Metropolitan Area)
(33.748547, -84.391502)",2017330397
Table 2,2017,3,30325,"Denver, CO",59,7274930,171.96,16.39,1049.1,6864650,185.32,17.57,1054.6,"Denver, CO
(39.738453, -104.984853)",2017330325
Table 2,2017,3,30257,"Albany, NY",11,317420,232.22,18.5,1255.3,332540,228.53,18.12,1261.1,"Albany, NY
(42.651242, -73.755418)",2017330257
Table 2,2017,3,30198,"Pittsburgh, PA",26,1290170,200.09,19.33,1035.2,1223840,216.52,20.75,1043.3,"Pittsburgh, PA
(40.442169, -79.994945)",2017330198
Table 2,2017,3,30194,"Dallas/Fort Worth, TX",67,7174930,194.72,19.46,1000.5,7175650,189.02,19.04,992.8,"Dallas/Fort Worth, TX
(40.11086, -77.035636)",2017330194
Table 2,2017,3,30189,"Colorado Springs, CO",5,109380,178.5,15.94,1119.4,62000,269.13,24.6,1094,"Colorado Springs, CO
(38.835224, -104.819798)",2017330189
Table 2,2017,3,30140,"Albuquerque, NM",17,672190,207.2,21.21,976.8,681000,216.64,22.22,974.8,"Albuquerque, NM
(35.084248, -106.649241)",2017330140
Table 2,2017,2,35412,"Knoxville, TN",5,107230,185.23,30.95,598.4,90140,221.16,36.84,600.3,"Knoxville, TN
(35.962631, -83.916677)",2017235412
Table 2,2017,2,35096,"Syracuse, NY",7,156360,208.77,27.28,765.4,158340,207.72,26.8,775,"Syracuse, NY
(43.047945, -76.147448)",2017235096
Table 2,2017,2,34761,"Sanford, FL",5,106600,88.55,11.51,769.2,88460,86.34,11.58,745.6,"Sanford, FL
(37.78008, -122.420168)",2017234761
Table 2,2017,2,34685,"Savannah, GA",5,205080,202.13,26.94,750.3,199210,197.03,26.37,747.1,"Savannah, GA
(40.115007, -111.654713)",2017234685
Table 2,2017,2,34653,"Tulsa, OK",10,272470,228.26,28.4,803.8,276920,228.94,28.48,803.9,"Tulsa, OK
(61.096484, -160.967455)",2017234653
Table 2,2017,2,34614,"Salt Lake City, UT",30,2152600,202.11,19.27,1049,1962910,208.59,19.74,1056.4,"Salt Lake City, UT
(40.758478, -111.888142)",2017234614
Table 2,2017,2,34576,"Rochester, NY",8,218160,196.72,29.5,666.9,233090,185.24,28.21,656.7,"Rochester, NY
(43.155708, -77.612547)",2017234576
Table 2,2017,2,34570,"Reno, NV",12,496620,183.07,24.11,759.2,446530,190.15,23.34,814.8,"Reno, NV
(30.177159, -95.162771)",2017234570
Table 2,2017,2,34524,"Richmond, VA",12,412430,243.78,25.78,945.6,416670,229.62,24.72,928.7,"Richmond, VA
(37.540759, -77.433932)",2017234524
Table 2,2017,2,34492,"Raleigh/Durham, NC",30,1852750,215.11,22.67,948.8,1790210,206.45,21.55,958.1,"Raleigh/Durham, NC
(42.673348, -72.179683)",2017234492
Table 2,2017,2,34321,"Portland, ME",4,126590,195.78,32.57,601,127690,199.04,33.03,602.7,"Portland, ME
(45.516018, -122.681425)",2017234321
Table 2,2017,2,34262,"Palm Springs, CA",4,145810,209.77,21.19,990,143980,194.36,20.58,944.6,"Palm Springs, CA
(33.830302, -116.546843)",2017234262
Table 2,2017,2,34100,"Philadelphia, PA",42,3583400,231.64,19.61,1181.2,3587570,213.36,18.14,1176,"Philadelphia, PA
(39.951061, -75.16562)",2017234100
Table 2,2017,2,34057,"Portland, OR",39,2860100,188.93,15.39,1227.7,2698640,188.47,15.17,1242,"Portland, OR
(45.516018, -122.681425)",2017234057
Table 2,2017,2,34027,"West Palm Beach/Palm Beach, FL",10,921260,196.33,19.59,1002.1,926760,184.24,18.24,1010.2,"West Palm Beach/Palm Beach, FL
(33.90976, -98.500854)",2017234027
Table 2,2017,2,33851,"Oklahoma City, OK",13,399520,233.7,24.48,954.7,395370,232.48,24.11,964.5,"Oklahoma City, OK
(35.468494, -97.521264)",2017233851
Table 2,2017,2,33667,"Norfolk, VA (Metropolitan Area)",15,410690,265.04,21.14,1253.7,405160,250.5,20.14,1243.8,"Norfolk, VA (Metropolitan Area)
(36.846164, -76.285913)",2017233667
Table 2,2017,2,33570,"San Diego, CA",44,3697100,213.31,16.45,1296.9,3414140,213.37,16.5,1293.4,"San Diego, CA
(32.71576, -117.163817)",2017233570
Table 2,2017,2,33495,"New Orleans, LA",30,2083270,203.3,19.97,1017.9,1929580,212.84,20.59,1033.6,"New Orleans, LA
(29.950621, -90.074948)",2017233495
Table 2,2017,2,33485,"Madison, WI",5,106740,269.58,24.2,1114,114860,249.8,22.04,1133.3,"Madison, WI
(43.073926, -89.385244)",2017233485
Table 2,2017,2,33342,"Milwaukee, WI",22,1138110,195.4,18.18,1074.6,1102450,187.85,17.69,1061.8,"Milwaukee, WI
(43.041072, -87.909421)",2017233342
Table 2,2017,2,33316,"Omaha, NE",18,623000,214.98,21.22,1013.1,615750,217.53,21.2,1026.1,"Omaha, NE
(46.07035, -93.666319)",2017233316
Table 2,2017,2,33244,"Memphis, TN",17,587250,232.72,25.07,928.2,568140,222.92,23.63,943.3,"Memphis, TN
(35.143378, -90.052136)",2017233244
Table 2,2017,2,33214,"San Antonio, TX",28,1294890,228.15,21.14,1079.3,1271120,227.96,20.84,1093.8,"San Antonio, TX
(29.425173, -98.494599)",2017233214
Table 2,2017,2,33198,"Kansas City, MO",32,1795750,208.44,22.14,941.6,1778750,207.02,21.81,949.1,"Kansas City, MO
(39.099792, -94.578559)",2017233198
Table 2,2017,2,33195,"Tampa, FL (Metropolitan Area)",46,3469790,189.1,17.78,1063.5,3354840,183.62,17.13,1071.9,"Tampa, FL (Metropolitan Area)
(37.8606, -78.804199)",2017233195
Table 2,2017,2,33192,"Sacramento, CA",25,1735130,203.14,21.23,956.8,1666890,198.12,20.58,962.8,"Sacramento, CA
(38.582087, -121.50012)",2017233192
Table 2,2017,2,33105,"Cincinnati, OH",23,1117740,194.84,19.41,1003.7,928250,221.71,22.48,986.1,"Cincinnati, OH
(39.104427, -84.513808)",2017233105
Table 2,2017,2,33044,"Louisville, KY",12,362910,253.07,28.52,887.4,381190,247.57,27.16,911.7,"Louisville, KY
(38.256078, -85.751569)",2017233044
Table 2,2017,2,32600,"Little Rock, AR",7,150690,252.42,27.92,904,152360,237.7,25.88,918.4,"Little Rock, AR
(34.748745, -92.275105)",2017232600
Table 2,2017,2,32575,"Los Angeles, CA (Metropolitan Area)",69,13884860,215.08,16.17,1330.3,13313180,209.38,15.54,1347,"Los Angeles, CA (Metropolitan Area)
(34.052238, -118.243344)",2017232575
Table 2,2017,2,32467,"Miami, FL (Metropolitan Area)",52,7013380,181.41,15,1209.3,6631430,175.14,14.26,1228.3,"Miami, FL (Metropolitan Area)
(44.977479, -93.264346)",2017232467
Table 2,2017,2,32457,"San Francisco, CA (Metropolitan Area)",55,10662560,225.5,17.1,1318.6,10336620,228.42,17.07,1338.1,"San Francisco, CA (Metropolitan Area)
(37.78008, -122.420168)",2017232457
Table 2,2017,2,32337,"Indianapolis, IN",26,1433590,211.11,20.89,1010.5,1445780,206.39,20.41,1011,"Indianapolis, IN
(39.76845, -86.156212)",2017232337
Table 2,2017,2,32211,"Las Vegas, NV",63,6858980,183.51,14.85,1235.8,6698180,177.93,14.19,1254,"Las Vegas, NV
(36.169202, -115.140597)",2017232211
Table 2,2017,2,31986,"Grand Rapids, MI",12,271500,226.03,21.27,1062.9,273970,223,20.78,1073.1,"Grand Rapids, MI
(47.925705, -97.036068)",2017231986
Table 2,2017,2,31884,"Spokane, WA",9,384220,164.09,24.99,656.7,361650,164.08,24.37,673.2,"Spokane, WA
(47.658999, -117.425022)",2017231884
Table 2,2017,2,31871,"Greenville/Spartanburg, SC",6,118350,235.76,36.51,645.7,134540,227.9,35.78,637,"Greenville/Spartanburg, SC
(44.513288, -88.013256)",2017231871
Table 2,2017,2,31714,"Fort Myers, FL",21,1321060,195.61,17.44,1121.6,1230760,186.5,16.61,1122.6,"Fort Myers, FL
(40.253979, -103.801495)",2017231714
Table 2,2017,2,31703,"New York City, NY (Metropolitan Area)",73,15713420,236.16,18.6,1269.7,15312480,233.04,18.33,1271.2,"New York City, NY (Metropolitan Area)
(40.123164, -75.333718)",2017231703
Table 2,2017,2,31650,"Minneapolis/St. Paul, MN",40,3647610,211.8,20.32,1042.4,3489490,213.95,20.37,1050.3,"Minneapolis/St. Paul, MN
(44.977479, -93.264346)",2017231650
Table 2,2017,2,31454,"Orlando, FL",54,6739660,174.61,15.56,1122.4,6379680,171.54,15.34,1118.6,"Orlando, FL
(28.538331, -81.378879)",2017231454
Table 2,2017,2,31453,"Houston, TX",50,4494630,223.5,21.22,1053.4,4413480,230.8,22.14,1042.3,"Houston, TX
(29.760803, -95.369506)",2017231453
Table 2,2017,2,31423,"Des Moines, IA",9,228640,220.21,20.91,1053.2,225390,220.48,20.92,1053.8,"Des Moines, IA
(41.588822, -93.620309)",2017231423
Table 2,2017,2,31295,"Detroit, MI",36,3250150,211.53,20.52,1030.6,3092050,208.73,20.1,1038.2,"Detroit, MI
(42.332916, -83.047853)",2017231295
Table 2,2017,2,31267,"Dayton, OH",7,135320,220.58,31.04,710.7,153750,225.42,31.12,724.5,"Dayton, OH
(39.760982, -84.192203)",2017231267
Table 2,2017,2,31136,"Jacksonville, FL",19,761790,232.55,23.86,974.6,798890,217.39,21.81,996.7,"Jacksonville, FL
(30.325968, -81.65676)",2017231136
Table 2,2017,2,31135,"Myrtle Beach, SC",6,185540,131.58,20.82,631.9,170050,130.72,20.49,638,"Myrtle Beach, SC
(33.68785, -78.883852)",2017231135
Table 2,2017,2,31123,"St. Louis, MO",34,1919040,223.51,23.72,942.1,1915380,217.84,23.07,944.2,"St. Louis, MO
(38.630276, -90.200309)",2017231123
Table 2,2017,2,31066,"Columbus, OH",23,1196990,212.73,22.63,940.2,1184690,209.16,22.44,931.9,"Columbus, OH
(39.962649, -82.996216)",2017231066
Table 2,2017,2,31057,"Charlotte, NC",40,2384950,234.51,26.05,900.3,2205560,231.88,25.57,906.7,"Charlotte, NC
(35.222936, -80.840161)",2017231057
Table 2,2017,2,30994,"Charleston, SC",14,564950,223.46,25.46,877.8,543070,209.91,23.43,896.1,"Charleston, SC
(32.77647, -79.931027)",2017230994
Table 2,2017,2,30977,"Chicago, IL",69,10482760,196.37,20.15,974.4,10300060,187.3,19.25,972.8,"Chicago, IL
(41.775002, -87.696388)",2017230977
Table 2,2017,2,30852,"Washington, DC (Metropolitan Area)",73,9920270,217.58,20.07,1084.4,9683630,212.09,19.52,1086.6,"Washington, DC (Metropolitan Area)
(38.892062, -77.019912)",2017230852
Table 2,2017,2,30792,"Buffalo, NY",17,770770,189.95,19.77,960.9,764770,183.27,18.88,970.5,"Buffalo, NY
(39.945422, -78.64671)",2017230792
Table 2,2017,2,30721,"Boston, MA (Metropolitan Area)",53,7313330,219.43,17.83,1230.4,7102270,215.09,17.4,1236,"Boston, MA (Metropolitan Area)
(42.358894, -71.056742)",2017230721
Table 2,2017,2,30713,"Boise, ID",12,434530,163.74,26.19,625.2,409010,166.4,25.79,645.2,"Boise, ID
(43.597772, -83.884521)",2017230713
Table 2,2017,2,30693,"Nashville, TN",35,2163210,224.63,24.78,906.6,2024570,216.83,23.8,911,"Nashville, TN
(36.166687, -86.779932)",2017230693
Table 2,2017,2,30647,"Cleveland, OH (Metropolitan Area)",27,1580690,195.71,18.44,1061.1,1559050,203.73,19.31,1054.9,"Cleveland, OH (Metropolitan Area)
(41.505546, -81.6915)",2017230647
Table 2,2017,2,30615,"El Paso, TX",10,319360,221.87,27.51,806.5,320150,224.44,27.07,829,"El Paso, TX
(31.76006, -106.492257)",2017230615
Table 2,2017,2,30599,"Birmingham, AL",8,232470,243.05,31.56,770.2,254660,229.56,30.1,762.6,"Birmingham, AL
(33.522859, -86.807705)",2017230599
Table 2,2017,2,30559,"Seattle, WA",49,5386320,209.11,14.96,1397.7,5152630,196.74,14.11,1394.1,"Seattle, WA
(47.603229, -122.33028)",2017230559
Table 2,2017,2,30529,"Hartford, CT",20,960070,228.2,18.6,1227,957730,222.3,18.2,1221.7,"Hartford, CT
(41.765775, -72.673356)",2017230529
Table 2,2017,2,30466,"Phoenix, AZ",55,5158110,199.71,17.06,1170.9,4866240,197.98,16.83,1176.3,"Phoenix, AZ
(30.406931, -87.217578)",2017230466
Table 2,2017,2,30436,"Tucson, AZ",12,365150,218.56,20.35,1074.3,363340,212.16,20.16,1052.4,"Tucson, AZ
(35.167852, -103.726151)",2017230436
Table 2,2017,2,30423,"Austin, TX",34,2212040,221.52,18.93,1170.4,2059000,226.25,19.28,1173.3,"Austin, TX
(30.264979, -97.746598)",2017230423
Table 2,2017,2,30397,"Atlanta, GA (Metropolitan Area)",63,6916520,199.67,22.49,887.9,6789230,195.4,21.9,892.1,"Atlanta, GA (Metropolitan Area)
(33.748547, -84.391502)",2017230397
Table 2,2017,2,30325,"Denver, CO",55,6667160,180.45,17.18,1050.3,6242160,184.51,17.52,1053.2,"Denver, CO
(39.738453, -104.984853)",2017230325
Table 2,2017,2,30257,"Albany, NY",11,333420,219.23,18.04,1215.3,335430,216.49,17.72,1222.1,"Albany, NY
(42.651242, -73.755418)",2017230257
Table 2,2017,2,30198,"Pittsburgh, PA",26,1343190,224.39,22,1020,1281540,226.83,22.66,1001,"Pittsburgh, PA
(40.442169, -79.994945)",2017230198
Table 2,2017,2,30194,"Dallas/Fort Worth, TX",68,7360010,203.54,20.73,981.6,7293070,190.07,19.38,980.5,"Dallas/Fort Worth, TX
(40.11086, -77.035636)",2017230194
Table 2,2017,2,30140,"Albuquerque, NM",17,645530,219.59,22.22,988.2,662110,217.23,21.91,991.3,"Albuquerque, NM
(35.084248, -106.649241)",2017230140
Table 2,2017,1,35096,"Syracuse, NY",5,127680,186.34,21.9,851,133710,184.12,20.98,877.7,"Syracuse, NY
(43.047945, -76.147448)",2017135096
Table 2,2017,1,34986,"Sarasota/Bradenton, FL",5,127260,235.22,23.39,1005.5,142260,221.23,21.9,1010.4,"Sarasota/Bradenton, FL
(27.336483, -82.538602)",2017134986
Table 2,2017,1,34761,"Sanford, FL",7,123550,102.5,10.97,934.7,120690,104.95,11.11,944.6,"Sanford, FL
(37.78008, -122.420168)",2017134761
Table 2,2017,1,34685,"Savannah, GA",3,119780,164.95,21.98,750.6,115540,172.22,22.92,751.3,"Savannah, GA
(40.115007, -111.654713)",2017134685
Table 2,2017,1,34653,"Tulsa, OK",9,223770,224.58,30.47,737,226340,221.04,30.51,724.4,"Tulsa, OK
(61.096484, -160.967455)",2017134653
Table 2,2017,1,34614,"Salt Lake City, UT",32,2270180,216.71,20.12,1077,2087810,229.63,21.05,1090.8,"Salt Lake City, UT
(40.758478, -111.888142)",2017134614
Table 2,2017,1,34576,"Rochester, NY",8,204520,190.27,24.62,772.9,222510,192.38,23.95,803.1,"Rochester, NY
(43.155708, -77.612547)",2017134576
Table 2,2017,1,34570,"Reno, NV",12,463060,188.47,25.95,726.3,416250,191.34,24.18,791.2,"Reno, NV
(30.177159, -95.162771)",2017134570
Table 2,2017,1,34524,"Richmond, VA",10,316710,224.02,26.16,856.4,310450,220.2,26.57,828.6,"Richmond, VA
(37.540759, -77.433932)",2017134524
Table 2,2017,1,34492,"Raleigh/Durham, NC",27,1466600,200.75,22.23,902.9,1373990,211.98,22.22,954,"Raleigh/Durham, NC
(42.673348, -72.179683)",2017134492
Table 2,2017,1,34262,"Palm Springs, CA",8,298390,216.41,18.96,1141.3,294710,214.61,19.32,1110.7,"Palm Springs, CA
(33.830302, -116.546843)",2017134262
Table 2,2017,1,34100,"Philadelphia, PA",39,2915700,218.9,18.6,1176.9,3023060,214,18.32,1167.9,"Philadelphia, PA
(39.951061, -75.16562)",2017134100
Table 2,2017,1,34057,"Portland, OR",33,2234350,174.94,15.54,1125.7,2070910,184.45,16.05,1149.1,"Portland, OR
(45.516018, -122.681425)",2017134057
Table 2,2017,1,34027,"West Palm Beach/Palm Beach, FL",17,1217340,197.85,18.74,1056,1255640,202.52,19.07,1062,"West Palm Beach/Palm Beach, FL
(33.90976, -98.500854)",2017134027
Table 2,2017,1,33851,"Oklahoma City, OK",13,328820,233.63,25.33,922.5,329550,229.8,24.74,929,"Oklahoma City, OK
(35.468494, -97.521264)",2017133851
Table 2,2017,1,33667,"Norfolk, VA (Metropolitan Area)",11,265120,247.23,21.55,1147.4,251370,250.34,21.68,1154.7,"Norfolk, VA (Metropolitan Area)
(36.846164, -76.285913)",2017133667
Table 2,2017,1,33570,"San Diego, CA",42,3065070,215.32,17.1,1259.5,3004210,211.96,16.65,1273,"San Diego, CA
(32.71576, -117.163817)",2017133570
Table 2,2017,1,33495,"New Orleans, LA",32,1825710,210.37,20.83,1009.7,1733220,205.03,20.53,998.6,"New Orleans, LA
(29.950621, -90.074948)",2017133495
Table 2,2017,1,33342,"Milwaukee, WI",22,1006250,192.56,17.36,1109.2,1035890,192.85,17.27,1116.4,"Milwaukee, WI
(43.041072, -87.909421)",2017133342
Table 2,2017,1,33316,"Omaha, NE",17,515660,212.09,21.13,1003.8,500570,218.13,21.37,1020.9,"Omaha, NE
(46.07035, -93.666319)",2017133316
Table 2,2017,1,33244,"Memphis, TN",16,464930,226.44,25.47,889,437840,225.58,24.53,919.7,"Memphis, TN
(35.143378, -90.052136)",2017133244
Table 2,2017,1,33214,"San Antonio, TX",27,1104230,236.97,22.59,1048.9,1067800,230.26,21.8,1056.1,"San Antonio, TX
(29.425173, -98.494599)",2017133214
Table 2,2017,1,33198,"Kansas City, MO",32,1491360,208.24,22.28,934.8,1430670,215.17,22.71,947.4,"Kansas City, MO
(39.099792, -94.578559)",2017133198
Table 2,2017,1,33195,"Tampa, FL (Metropolitan Area)",52,3482320,188.12,17.6,1068.8,3473100,184.65,17.21,1072.6,"Tampa, FL (Metropolitan Area)
(37.8606, -78.804199)",2017133195
Table 2,2017,1,33192,"Sacramento, CA",21,1408070,189.67,21.91,865.6,1381890,188,21.52,873.5,"Sacramento, CA
(38.582087, -121.50012)",2017133192
Table 2,2017,1,33105,"Cincinnati, OH",21,791160,213.39,22.07,967,705360,244.12,25.73,948.8,"Cincinnati, OH
(39.104427, -84.513808)",2017133105
Table 2,2017,1,33044,"Louisville, KY",12,296120,237.38,27.09,876.2,315830,230.97,25.94,890.6,"Louisville, KY
(38.256078, -85.751569)",2017133044
Table 2,2017,1,32600,"Little Rock, AR",8,135560,248.17,30.21,821.5,138220,237.86,28.39,837.7,"Little Rock, AR
(34.748745, -92.275105)",2017132600
Table 2,2017,1,32575,"Los Angeles, CA (Metropolitan Area)",68,11814540,206.93,15.95,1297.4,11350590,214.21,16.4,1306.5,"Los Angeles, CA (Metropolitan Area)
(34.052238, -118.243344)",2017132575
Table 2,2017,1,32467,"Miami, FL (Metropolitan Area)",58,7174710,185.5,15.03,1233.9,7093750,190.5,15.29,1245.5,"Miami, FL (Metropolitan Area)
(44.977479, -93.264346)",2017132467
Table 2,2017,1,32457,"San Francisco, CA (Metropolitan Area)",48,8541470,219.54,17.62,1246.2,8530810,226.49,18.08,1252.6,"San Francisco, CA (Metropolitan Area)
(37.78008, -122.420168)",2017132457
Table 2,2017,1,32337,"Indianapolis, IN",26,1227080,208.32,21.12,986.4,1223300,205.67,20.53,1001.6,"Indianapolis, IN
(39.76845, -86.156212)",2017132337
Table 2,2017,1,32211,"Las Vegas, NV",67,6296210,185.19,15.2,1218,6145060,185.58,15.12,1227.8,"Las Vegas, NV
(36.169202, -115.140597)",2017132211
Table 2,2017,1,31986,"Grand Rapids, MI",14,332900,213.55,19.05,1121.2,317810,215.74,18.89,1142.3,"Grand Rapids, MI
(47.925705, -97.036068)",2017131986
Table 2,2017,1,31884,"Spokane, WA",9,373670,159.42,24.58,648.5,337830,163.33,24.47,667.6,"Spokane, WA
(47.658999, -117.425022)",2017131884
Table 2,2017,1,31714,"Fort Myers, FL",29,2032590,195.33,16.99,1149.5,2126240,194.1,16.89,1149.4,"Fort Myers, FL
(40.253979, -103.801495)",2017131714
Table 2,2017,1,31703,"New York City, NY (Metropolitan Area)",73,13223040,222.74,17.51,1272.1,12613640,236.75,18.4,1286.5,"New York City, NY (Metropolitan Area)
(40.123164, -75.333718)",2017131703
Table 2,2017,1,31650,"Minneapolis/St. Paul, MN",44,3424540,209.24,18.79,1113.3,3293610,224.12,19.91,1125.9,"Minneapolis/St. Paul, MN
(44.977479, -93.264346)",2017131650
Table 2,2017,1,31454,"Orlando, FL",58,6551410,176.51,15.76,1120.2,6426920,180.06,16.08,1119.9,"Orlando, FL
(28.538331, -81.378879)",2017131454
Table 2,2017,1,31453,"Houston, TX",50,3962630,235.69,23.18,1016.9,3807240,234.17,23.05,1015.7,"Houston, TX
(29.760803, -95.369506)",2017131453
Table 2,2017,1,31423,"Des Moines, IA",10,224340,210.09,19.75,1063.5,221890,224.13,20.9,1072.6,"Des Moines, IA
(41.588822, -93.620309)",2017131423
Table 2,2017,1,31295,"Detroit, MI",34,2826840,209.58,20.01,1047.5,2693290,218.2,20.67,1055.5,"Detroit, MI
(42.332916, -83.047853)",2017131295
Table 2,2017,1,31267,"Dayton, OH",8,126730,211.44,28.16,750.8,148090,217.17,27.3,795.4,"Dayton, OH
(39.760982, -84.192203)",2017131267
Table 2,2017,1,31136,"Jacksonville, FL",18,673660,222.24,23.76,935.3,682400,217.33,22.55,963.6,"Jacksonville, FL
(30.325968, -81.65676)",2017131136
Table 2,2017,1,31123,"St. Louis, MO",35,1615950,219.67,23.86,920.7,1636980,213.52,22.89,932.8,"St. Louis, MO
(38.630276, -90.200309)",2017131123
Table 2,2017,1,31066,"Columbus, OH",22,1022650,214.99,23.06,932.4,997880,216.15,23.34,926,"Columbus, OH
(39.962649, -82.996216)",2017131066
Table 2,2017,1,31057,"Charlotte, NC",39,1899130,230.53,27.15,848.9,1782460,245.87,27.7,887.5,"Charlotte, NC
(35.222936, -80.840161)",2017131057
Table 2,2017,1,30994,"Charleston, SC",10,350310,194.44,26.5,733.6,329530,193.26,25.34,762.6,"Charleston, SC
(32.77647, -79.931027)",2017130994
Table 2,2017,1,30977,"Chicago, IL",65,8390050,184.69,18.58,994.2,8122690,188.57,18.87,999.3,"Chicago, IL
(41.775002, -87.696388)",2017130977
Table 2,2017,1,30852,"Washington, DC (Metropolitan Area)",71,7954500,210.82,19.68,1071.5,7658750,212,19.39,1093.4,"Washington, DC (Metropolitan Area)
(38.892062, -77.019912)",2017130852
Table 2,2017,1,30792,"Buffalo, NY",14,609760,174.19,17.81,978.1,592950,184.3,19.03,968.5,"Buffalo, NY
(39.945422, -78.64671)",2017130792
Table 2,2017,1,30721,"Boston, MA (Metropolitan Area)",46,5538190,207,16.64,1244,5452120,216,17.17,1258,"Boston, MA (Metropolitan Area)
(42.358894, -71.056742)",2017130721
Table 2,2017,1,30713,"Boise, ID",11,394650,157.15,27.81,565.1,359030,161.62,28.46,567.8,"Boise, ID
(43.597772, -83.884521)",2017130713
Table 2,2017,1,30693,"Nashville, TN",33,1698120,211.4,24.19,874,1539730,219.31,24.73,886.7,"Nashville, TN
(36.166687, -86.779932)",2017130693
Table 2,2017,1,30647,"Cleveland, OH (Metropolitan Area)",25,1261180,202.91,19.5,1040.5,1322500,205.02,19.33,1060.8,"Cleveland, OH (Metropolitan Area)
(41.505546, -81.6915)",2017130647
Table 2,2017,1,30615,"El Paso, TX",9,257180,221.66,30.45,728,255380,217.73,29.79,730.8,"El Paso, TX
(31.76006, -106.492257)",2017130615
Table 2,2017,1,30599,"Birmingham, AL",10,245350,236.79,29.92,791.5,249010,231.05,28.79,802.5,"Birmingham, AL
(33.522859, -86.807705)",2017130599
Table 2,2017,1,30559,"Seattle, WA",44,4120240,188.73,14.55,1297.4,3879100,191.81,14.68,1306.9,"Seattle, WA
(47.603229, -122.33028)",2017130559
Table 2,2017,1,30529,"Hartford, CT",18,824080,211.99,17.62,1203,790300,219.1,18.19,1204.2,"Hartford, CT
(41.765775, -72.673356)",2017130529
Table 2,2017,1,30466,"Phoenix, AZ",64,5526130,198.53,17.2,1154.3,5263970,208,17.92,1160.8,"Phoenix, AZ
(30.406931, -87.217578)",2017130466
Table 2,2017,1,30436,"Tucson, AZ",13,401420,216.78,20.24,1070.8,387810,214.52,20.78,1032.4,"Tucson, AZ
(35.167852, -103.726151)",2017130436
Table 2,2017,1,30423,"Austin, TX",34,1833120,236.52,20.56,1150.3,1750670,227.65,19.73,1153.6,"Austin, TX
(30.264979, -97.746598)",2017130423
Table 2,2017,1,30397,"Atlanta, GA (Metropolitan Area)",58,5717990,196.06,22.41,875,5380420,204.55,23.2,881.9,"Atlanta, GA (Metropolitan Area)
(33.748547, -84.391502)",2017130397
Table 2,2017,1,30325,"Denver, CO",54,5697550,182.66,17.56,1040.3,5311070,191.67,18.35,1044.3,"Denver, CO
(39.738453, -104.984853)",2017130325
Table 2,2017,1,30257,"Albany, NY",9,287320,196.25,17.15,1144.4,284460,202.09,17.48,1156.1,"Albany, NY
(42.651242, -73.755418)",2017130257
Table 2,2017,1,30198,"Pittsburgh, PA",25,1079930,222.23,22.27,997.7,1050120,227.15,22.77,997.4,"Pittsburgh, PA
(40.442169, -79.994945)",2017130198
Table 2,2017,1,30194,"Dallas/Fort Worth, TX",67,6311920,200.35,20.87,960,6226350,187.98,19.63,957.7,"Dallas/Fort Worth, TX
(40.11086, -77.035636)",2017130194
Table 2,2017,1,30140,"Albuquerque, NM",16,502220,211.91,23.92,886,523370,205.23,23.4,876.9,"Albuquerque, NM
(35.084248, -106.649241)",2017130140
